[2026-08-13 16:09:55] laravel.EMERGENCY: Unable to create configured logger. Using emergency logger. {"exception":"[object] (Error(code: 0): Class \"Illuminate\\Support\\Collection\" not found at C:\\Users\\Simon Fox\\Herd\\rateshopper\\working copy\\laravel_rate_shopper\\vendor\\laravel\\framework\\src\\Illuminate\\Collections\\helpers.php:18)
[stacktrace]
#0 C:\\Users\\Simon Fox\\Herd\\rateshopper\\working copy\\laravel_rate_shopper\\vendor\\laravel\\framework\\src\\Illuminate\\Log\\LogManager.php(389): collect(Array)
#1 C:\\Users\\Simon Fox\\Herd\\rateshopper\\working copy\\laravel_rate_shopper\\vendor\\laravel\\framework\\src\\Illuminate\\Log\\LogManager.php(222): Illuminate\\Log\\LogManager->createMonologDriver(Array)
#2 C:\\Users\\Simon Fox\\Herd\\rateshopper\\working copy\\laravel_rate_shopper\\vendor\\laravel\\framework\\src\\Illuminate\\Log\\LogManager.php(137): Illuminate\\Log\\LogManager->resolve('deprecations', Array)
#3 C:\\Users\\Simon Fox\\Herd\\rateshopper\\working copy\\laravel_rate_shopper\\vendor\\laravel\\framework\\src\\Illuminate\\Log\\LogManager.php(124): Illuminate\\Log\\LogManager->get('deprecations')
#4 C:\\Users\\Simon Fox\\Herd\\rateshopper\\working copy\\laravel_rate_shopper\\vendor\\laravel\\framework\\src\\Illuminate\\Log\\LogManager.php(113): Illuminate\\Log\\LogManager->driver('deprecations')
#5 C:\\Users\\Simon Fox\\Herd\\rateshopper\\working copy\\laravel_rate_shopper\\vendor\\laravel\\framework\\src\\Illuminate\\Foundation\\Bootstrap\\HandleExceptions.php(102): Illuminate\\Log\\LogManager->channel('deprecations')
#6 C:\\Users\\Simon Fox\\Herd\\rateshopper\\working copy\\laravel_rate_shopper\\vendor\\laravel\\framework\\src\\Illuminate\\Foundation\\Bootstrap\\HandleExceptions.php(71): Illuminate\\Foundation\\Bootstrap\\HandleExceptions->handleDeprecationError('Illuminate\\\\Supp...', 'C:\\\\Users\\\\Simon ...', 385, 8192)
#7 C:\\Users\\Simon Fox\\Herd\\rateshopper\\working copy\\laravel_rate_shopper\\vendor\\laravel\\framework\\src\\Illuminate\\Foundation\\Bootstrap\\HandleExceptions.php(255): Illuminate\\Foundation\\Bootstrap\\HandleExceptions->handleError(8192, 'Illuminate\\\\Supp...', 'C:\\\\Users\\\\Simon ...', 385)
#8 C:\\Users\\Simon Fox\\Herd\\rateshopper\\working copy\\laravel_rate_shopper\\vendor\\composer\\ClassLoader.php(576): Illuminate\\Foundation\\Bootstrap\\HandleExceptions->{closure:Illuminate\\Foundation\\Bootstrap\\HandleExceptions::forwardsTo():254}(8192, 'Illuminate\\\\Supp...', 'C:\\\\Users\\\\Simon ...', 385)
#9 C:\\Users\\Simon Fox\\Herd\\rateshopper\\working copy\\laravel_rate_shopper\\vendor\\composer\\ClassLoader.php(576): include('C:\\\\Users\\\\Simon ...')
#10 C:\\Users\\Simon Fox\\Herd\\rateshopper\\working copy\\laravel_rate_shopper\\vendor\\composer\\ClassLoader.php(427): {closure:Composer\\Autoload\\ClassLoader::initializeIncludeClosure():575}('C:\\\\Users\\\\Simon ...')
#11 C:\\Users\\Simon Fox\\Herd\\rateshopper\\working copy\\laravel_rate_shopper\\vendor\\laravel\\framework\\src\\Illuminate\\Collections\\helpers.php(18): Composer\\Autoload\\ClassLoader->loadClass('Illuminate\\\\Supp...')
#12 C:\\Users\\Simon Fox\\Herd\\rateshopper\\working copy\\laravel_rate_shopper\\vendor\\laravel\\framework\\src\\Illuminate\\Foundation\\PackageManifest.php(131): collect(Array)
#13 C:\\Users\\Simon Fox\\Herd\\rateshopper\\working copy\\laravel_rate_shopper\\vendor\\laravel\\framework\\src\\Illuminate\\Foundation\\PackageManifest.php(107): Illuminate\\Foundation\\PackageManifest->build()
#14 C:\\Users\\Simon Fox\\Herd\\rateshopper\\working copy\\laravel_rate_shopper\\vendor\\laravel\\framework\\src\\Illuminate\\Foundation\\PackageManifest.php(90): Illuminate\\Foundation\\PackageManifest->getManifest()
#15 C:\\Users\\Simon Fox\\Herd\\rateshopper\\working copy\\laravel_rate_shopper\\vendor\\laravel\\framework\\src\\Illuminate\\Foundation\\PackageManifest.php(79): Illuminate\\Foundation\\PackageManifest->config('aliases')
#16 C:\\Users\\Simon Fox\\Herd\\rateshopper\\working copy\\laravel_rate_shopper\\vendor\\laravel\\framework\\src\\Illuminate\\Foundation\\Bootstrap\\RegisterFacades.php(26): Illuminate\\Foundation\\PackageManifest->aliases()
#17 C:\\Users\\Simon Fox\\Herd\\rateshopper\\working copy\\laravel_rate_shopper\\vendor\\laravel\\framework\\src\\Illuminate\\Foundation\\Application.php(263): Illuminate\\Foundation\\Bootstrap\\RegisterFacades->bootstrap(Object(Illuminate\\Foundation\\Application))
#18 C:\\Users\\Simon Fox\\Herd\\rateshopper\\working copy\\laravel_rate_shopper\\vendor\\laravel\\framework\\src\\Illuminate\\Foundation\\Console\\Kernel.php(447): Illuminate\\Foundation\\Application->bootstrapWith(Array)
#19 C:\\Users\\Simon Fox\\Herd\\rateshopper\\working copy\\laravel_rate_shopper\\vendor\\laravel\\framework\\src\\Illuminate\\Foundation\\Console\\Kernel.php(199): Illuminate\\Foundation\\Console\\Kernel->bootstrap()
#20 C:\\Users\\Simon Fox\\Herd\\rateshopper\\working copy\\laravel_rate_shopper\\artisan(35): Illuminate\\Foundation\\Console\\Kernel->handle(Object(Symfony\\Component\\Console\\Input\\ArgvInput), Object(Symfony\\Component\\Console\\Output\\ConsoleOutput))
#21 {main}
"} 
[2026-08-13 16:09:55] laravel.WARNING: Illuminate\Support\Collection::filter(): Implicitly marking parameter $callback as nullable is deprecated, the explicit nullable type must be used instead in C:\Users\Simon Fox\Herd\rateshopper\working copy\laravel_rate_shopper\vendor\laravel\framework\src\Illuminate\Collections\Collection.php on line 385  
[2026-08-13 16:09:55] laravel.EMERGENCY: Unable to create configured logger. Using emergency logger. {"exception":"[object] (Error(code: 0): Class \"Illuminate\\Support\\Collection\" not found at C:\\Users\\Simon Fox\\Herd\\rateshopper\\working copy\\laravel_rate_shopper\\vendor\\laravel\\framework\\src\\Illuminate\\Collections\\helpers.php:18)
[stacktrace]
#0 C:\\Users\\Simon Fox\\Herd\\rateshopper\\working copy\\laravel_rate_shopper\\vendor\\laravel\\framework\\src\\Illuminate\\Log\\LogManager.php(389): collect(Array)
#1 C:\\Users\\Simon Fox\\Herd\\rateshopper\\working copy\\laravel_rate_shopper\\vendor\\laravel\\framework\\src\\Illuminate\\Log\\LogManager.php(222): Illuminate\\Log\\LogManager->createMonologDriver(Array)
#2 C:\\Users\\Simon Fox\\Herd\\rateshopper\\working copy\\laravel_rate_shopper\\vendor\\laravel\\framework\\src\\Illuminate\\Log\\LogManager.php(137): Illuminate\\Log\\LogManager->resolve('deprecations', Array)
#3 C:\\Users\\Simon Fox\\Herd\\rateshopper\\working copy\\laravel_rate_shopper\\vendor\\laravel\\framework\\src\\Illuminate\\Log\\LogManager.php(124): Illuminate\\Log\\LogManager->get('deprecations')
#4 C:\\Users\\Simon Fox\\Herd\\rateshopper\\working copy\\laravel_rate_shopper\\vendor\\laravel\\framework\\src\\Illuminate\\Log\\LogManager.php(113): Illuminate\\Log\\LogManager->driver('deprecations')
#5 C:\\Users\\Simon Fox\\Herd\\rateshopper\\working copy\\laravel_rate_shopper\\vendor\\laravel\\framework\\src\\Illuminate\\Foundation\\Bootstrap\\HandleExceptions.php(102): Illuminate\\Log\\LogManager->channel('deprecations')
#6 C:\\Users\\Simon Fox\\Herd\\rateshopper\\working copy\\laravel_rate_shopper\\vendor\\laravel\\framework\\src\\Illuminate\\Foundation\\Bootstrap\\HandleExceptions.php(71): Illuminate\\Foundation\\Bootstrap\\HandleExceptions->handleDeprecationError('Illuminate\\\\Supp...', 'C:\\\\Users\\\\Simon ...', 403, 8192)
#7 C:\\Users\\Simon Fox\\Herd\\rateshopper\\working copy\\laravel_rate_shopper\\vendor\\laravel\\framework\\src\\Illuminate\\Foundation\\Bootstrap\\HandleExceptions.php(255): Illuminate\\Foundation\\Bootstrap\\HandleExceptions->handleError(8192, 'Illuminate\\\\Supp...', 'C:\\\\Users\\\\Simon ...', 403)
#8 C:\\Users\\Simon Fox\\Herd\\rateshopper\\working copy\\laravel_rate_shopper\\vendor\\composer\\ClassLoader.php(576): Illuminate\\Foundation\\Bootstrap\\HandleExceptions->{closure:Illuminate\\Foundation\\Bootstrap\\HandleExceptions::forwardsTo():254}(8192, 'Illuminate\\\\Supp...', 'C:\\\\Users\\\\Simon ...', 403)
#9 C:\\Users\\Simon Fox\\Herd\\rateshopper\\working copy\\laravel_rate_shopper\\vendor\\composer\\ClassLoader.php(576): include('C:\\\\Users\\\\Simon ...')
#10 C:\\Users\\Simon Fox\\Herd\\rateshopper\\working copy\\laravel_rate_shopper\\vendor\\composer\\ClassLoader.php(427): {closure:Composer\\Autoload\\ClassLoader::initializeIncludeClosure():575}('C:\\\\Users\\\\Simon ...')
#11 C:\\Users\\Simon Fox\\Herd\\rateshopper\\working copy\\laravel_rate_shopper\\vendor\\laravel\\framework\\src\\Illuminate\\Collections\\helpers.php(18): Composer\\Autoload\\ClassLoader->loadClass('Illuminate\\\\Supp...')
#12 C:\\Users\\Simon Fox\\Herd\\rateshopper\\working copy\\laravel_rate_shopper\\vendor\\laravel\\framework\\src\\Illuminate\\Foundation\\PackageManifest.php(131): collect(Array)
#13 C:\\Users\\Simon Fox\\Herd\\rateshopper\\working copy\\laravel_rate_shopper\\vendor\\laravel\\framework\\src\\Illuminate\\Foundation\\PackageManifest.php(107): Illuminate\\Foundation\\PackageManifest->build()
#14 C:\\Users\\Simon Fox\\Herd\\rateshopper\\working copy\\laravel_rate_shopper\\vendor\\laravel\\framework\\src\\Illuminate\\Foundation\\PackageManifest.php(90): Illuminate\\Foundation\\PackageManifest->getManifest()
#15 C:\\Users\\Simon Fox\\Herd\\rateshopper\\working copy\\laravel_rate_shopper\\vendor\\laravel\\framework\\src\\Illuminate\\Foundation\\PackageManifest.php(79): Illuminate\\Foundation\\PackageManifest->config('aliases')
#16 C:\\Users\\Simon Fox\\Herd\\rateshopper\\working copy\\laravel_rate_shopper\\vendor\\laravel\\framework\\src\\Illuminate\\Foundation\\Bootstrap\\RegisterFacades.php(26): Illuminate\\Foundation\\PackageManifest->aliases()
#17 C:\\Users\\Simon Fox\\Herd\\rateshopper\\working copy\\laravel_rate_shopper\\vendor\\laravel\\framework\\src\\Illuminate\\Foundation\\Application.php(263): Illuminate\\Foundation\\Bootstrap\\RegisterFacades->bootstrap(Object(Illuminate\\Foundation\\Application))
#18 C:\\Users\\Simon Fox\\Herd\\rateshopper\\working copy\\laravel_rate_shopper\\vendor\\laravel\\framework\\src\\Illuminate\\Foundation\\Console\\Kernel.php(447): Illuminate\\Foundation\\Application->bootstrapWith(Array)
#19 C:\\Users\\Simon Fox\\Herd\\rateshopper\\working copy\\laravel_rate_shopper\\vendor\\laravel\\framework\\src\\Illuminate\\Foundation\\Console\\Kernel.php(199): Illuminate\\Foundation\\Console\\Kernel->bootstrap()
#20 C:\\Users\\Simon Fox\\Herd\\rateshopper\\working copy\\laravel_rate_shopper\\artisan(35): Illuminate\\Foundation\\Console\\Kernel->handle(Object(Symfony\\Component\\Console\\Input\\ArgvInput), Object(Symfony\\Component\\Console\\Output\\ConsoleOutput))
#21 {main}
"} 
[2026-08-13 16:09:55] laravel.WARNING: Illuminate\Support\Collection::first(): Implicitly marking parameter $callback as nullable is deprecated, the explicit nullable type must be used instead in C:\Users\Simon Fox\Herd\rateshopper\working copy\laravel_rate_shopper\vendor\laravel\framework\src\Illuminate\Collections\Collection.php on line 403  
[2026-08-13 16:09:55] laravel.EMERGENCY: Unable to create configured logger. Using emergency logger. {"exception":"[object] (Error(code: 0): Class \"Illuminate\\Support\\Collection\" not found at C:\\Users\\Simon Fox\\Herd\\rateshopper\\working copy\\laravel_rate_shopper\\vendor\\laravel\\framework\\src\\Illuminate\\Collections\\helpers.php:18)
[stacktrace]
#0 C:\\Users\\Simon Fox\\Herd\\rateshopper\\working copy\\laravel_rate_shopper\\vendor\\laravel\\framework\\src\\Illuminate\\Log\\LogManager.php(389): collect(Array)
#1 C:\\Users\\Simon Fox\\Herd\\rateshopper\\working copy\\laravel_rate_shopper\\vendor\\laravel\\framework\\src\\Illuminate\\Log\\LogManager.php(222): Illuminate\\Log\\LogManager->createMonologDriver(Array)
#2 C:\\Users\\Simon Fox\\Herd\\rateshopper\\working copy\\laravel_rate_shopper\\vendor\\laravel\\framework\\src\\Illuminate\\Log\\LogManager.php(137): Illuminate\\Log\\LogManager->resolve('deprecations', Array)
#3 C:\\Users\\Simon Fox\\Herd\\rateshopper\\working copy\\laravel_rate_shopper\\vendor\\laravel\\framework\\src\\Illuminate\\Log\\LogManager.php(124): Illuminate\\Log\\LogManager->get('deprecations')
#4 C:\\Users\\Simon Fox\\Herd\\rateshopper\\working copy\\laravel_rate_shopper\\vendor\\laravel\\framework\\src\\Illuminate\\Log\\LogManager.php(113): Illuminate\\Log\\LogManager->driver('deprecations')
#5 C:\\Users\\Simon Fox\\Herd\\rateshopper\\working copy\\laravel_rate_shopper\\vendor\\laravel\\framework\\src\\Illuminate\\Foundation\\Bootstrap\\HandleExceptions.php(102): Illuminate\\Log\\LogManager->channel('deprecations')
#6 C:\\Users\\Simon Fox\\Herd\\rateshopper\\working copy\\laravel_rate_shopper\\vendor\\laravel\\framework\\src\\Illuminate\\Foundation\\Bootstrap\\HandleExceptions.php(71): Illuminate\\Foundation\\Bootstrap\\HandleExceptions->handleDeprecationError('Illuminate\\\\Supp...', 'C:\\\\Users\\\\Simon ...', 751, 8192)
#7 C:\\Users\\Simon Fox\\Herd\\rateshopper\\working copy\\laravel_rate_shopper\\vendor\\laravel\\framework\\src\\Illuminate\\Foundation\\Bootstrap\\HandleExceptions.php(255): Illuminate\\Foundation\\Bootstrap\\HandleExceptions->handleError(8192, 'Illuminate\\\\Supp...', 'C:\\\\Users\\\\Simon ...', 751)
#8 C:\\Users\\Simon Fox\\Herd\\rateshopper\\working copy\\laravel_rate_shopper\\vendor\\composer\\ClassLoader.php(576): Illuminate\\Foundation\\Bootstrap\\HandleExceptions->{closure:Illuminate\\Foundation\\Bootstrap\\HandleExceptions::forwardsTo():254}(8192, 'Illuminate\\\\Supp...', 'C:\\\\Users\\\\Simon ...', 751)
#9 C:\\Users\\Simon Fox\\Herd\\rateshopper\\working copy\\laravel_rate_shopper\\vendor\\composer\\ClassLoader.php(576): include('C:\\\\Users\\\\Simon ...')
#10 C:\\Users\\Simon Fox\\Herd\\rateshopper\\working copy\\laravel_rate_shopper\\vendor\\composer\\ClassLoader.php(427): {closure:Composer\\Autoload\\ClassLoader::initializeIncludeClosure():575}('C:\\\\Users\\\\Simon ...')
#11 C:\\Users\\Simon Fox\\Herd\\rateshopper\\working copy\\laravel_rate_shopper\\vendor\\laravel\\framework\\src\\Illuminate\\Collections\\helpers.php(18): Composer\\Autoload\\ClassLoader->loadClass('Illuminate\\\\Supp...')
#12 C:\\Users\\Simon Fox\\Herd\\rateshopper\\working copy\\laravel_rate_shopper\\vendor\\laravel\\framework\\src\\Illuminate\\Foundation\\PackageManifest.php(131): collect(Array)
#13 C:\\Users\\Simon Fox\\Herd\\rateshopper\\working copy\\laravel_rate_shopper\\vendor\\laravel\\framework\\src\\Illuminate\\Foundation\\PackageManifest.php(107): Illuminate\\Foundation\\PackageManifest->build()
#14 C:\\Users\\Simon Fox\\Herd\\rateshopper\\working copy\\laravel_rate_shopper\\vendor\\laravel\\framework\\src\\Illuminate\\Foundation\\PackageManifest.php(90): Illuminate\\Foundation\\PackageManifest->getManifest()
#15 C:\\Users\\Simon Fox\\Herd\\rateshopper\\working copy\\laravel_rate_shopper\\vendor\\laravel\\framework\\src\\Illuminate\\Foundation\\PackageManifest.php(79): Illuminate\\Foundation\\PackageManifest->config('aliases')
#16 C:\\Users\\Simon Fox\\Herd\\rateshopper\\working copy\\laravel_rate_shopper\\vendor\\laravel\\framework\\src\\Illuminate\\Foundation\\Bootstrap\\RegisterFacades.php(26): Illuminate\\Foundation\\PackageManifest->aliases()
#17 C:\\Users\\Simon Fox\\Herd\\rateshopper\\working copy\\laravel_rate_shopper\\vendor\\laravel\\framework\\src\\Illuminate\\Foundation\\Application.php(263): Illuminate\\Foundation\\Bootstrap\\RegisterFacades->bootstrap(Object(Illuminate\\Foundation\\Application))
#18 C:\\Users\\Simon Fox\\Herd\\rateshopper\\working copy\\laravel_rate_shopper\\vendor\\laravel\\framework\\src\\Illuminate\\Foundation\\Console\\Kernel.php(447): Illuminate\\Foundation\\Application->bootstrapWith(Array)
#19 C:\\Users\\Simon Fox\\Herd\\rateshopper\\working copy\\laravel_rate_shopper\\vendor\\laravel\\framework\\src\\Illuminate\\Foundation\\Console\\Kernel.php(199): Illuminate\\Foundation\\Console\\Kernel->bootstrap()
#20 C:\\Users\\Simon Fox\\Herd\\rateshopper\\working copy\\laravel_rate_shopper\\artisan(35): Illuminate\\Foundation\\Console\\Kernel->handle(Object(Symfony\\Component\\Console\\Input\\ArgvInput), Object(Symfony\\Component\\Console\\Output\\ConsoleOutput))
#21 {main}
"} 
[2026-08-13 16:09:55] laravel.WARNING: Illuminate\Support\Collection::last(): Implicitly marking parameter $callback as nullable is deprecated, the explicit nullable type must be used instead in C:\Users\Simon Fox\Herd\rateshopper\working copy\laravel_rate_shopper\vendor\laravel\framework\src\Illuminate\Collections\Collection.php on line 751  
[2026-08-13 16:09:55] laravel.EMERGENCY: Unable to create configured logger. Using emergency logger. {"exception":"[object] (Error(code: 0): Class \"Illuminate\\Support\\Collection\" not found at C:\\Users\\Simon Fox\\Herd\\rateshopper\\working copy\\laravel_rate_shopper\\vendor\\laravel\\framework\\src\\Illuminate\\Collections\\helpers.php:18)
[stacktrace]
#0 C:\\Users\\Simon Fox\\Herd\\rateshopper\\working copy\\laravel_rate_shopper\\vendor\\laravel\\framework\\src\\Illuminate\\Log\\LogManager.php(389): collect(Array)
#1 C:\\Users\\Simon Fox\\Herd\\rateshopper\\working copy\\laravel_rate_shopper\\vendor\\laravel\\framework\\src\\Illuminate\\Log\\LogManager.php(222): Illuminate\\Log\\LogManager->createMonologDriver(Array)
#2 C:\\Users\\Simon Fox\\Herd\\rateshopper\\working copy\\laravel_rate_shopper\\vendor\\laravel\\framework\\src\\Illuminate\\Log\\LogManager.php(137): Illuminate\\Log\\LogManager->resolve('deprecations', Array)
#3 C:\\Users\\Simon Fox\\Herd\\rateshopper\\working copy\\laravel_rate_shopper\\vendor\\laravel\\framework\\src\\Illuminate\\Log\\LogManager.php(124): Illuminate\\Log\\LogManager->get('deprecations')
#4 C:\\Users\\Simon Fox\\Herd\\rateshopper\\working copy\\laravel_rate_shopper\\vendor\\laravel\\framework\\src\\Illuminate\\Log\\LogManager.php(113): Illuminate\\Log\\LogManager->driver('deprecations')
#5 C:\\Users\\Simon Fox\\Herd\\rateshopper\\working copy\\laravel_rate_shopper\\vendor\\laravel\\framework\\src\\Illuminate\\Foundation\\Bootstrap\\HandleExceptions.php(102): Illuminate\\Log\\LogManager->channel('deprecations')
#6 C:\\Users\\Simon Fox\\Herd\\rateshopper\\working copy\\laravel_rate_shopper\\vendor\\laravel\\framework\\src\\Illuminate\\Foundation\\Bootstrap\\HandleExceptions.php(71): Illuminate\\Foundation\\Bootstrap\\HandleExceptions->handleDeprecationError('Illuminate\\\\Supp...', 'C:\\\\Users\\\\Simon ...', 167, 8192)
#7 C:\\Users\\Simon Fox\\Herd\\rateshopper\\working copy\\laravel_rate_shopper\\vendor\\laravel\\framework\\src\\Illuminate\\Foundation\\Bootstrap\\HandleExceptions.php(255): Illuminate\\Foundation\\Bootstrap\\HandleExceptions->handleError(8192, 'Illuminate\\\\Supp...', 'C:\\\\Users\\\\Simon ...', 167)
#8 C:\\Users\\Simon Fox\\Herd\\rateshopper\\working copy\\laravel_rate_shopper\\vendor\\composer\\ClassLoader.php(576): Illuminate\\Foundation\\Bootstrap\\HandleExceptions->{closure:Illuminate\\Foundation\\Bootstrap\\HandleExceptions::forwardsTo():254}(8192, 'Illuminate\\\\Supp...', 'C:\\\\Users\\\\Simon ...', 167)
#9 C:\\Users\\Simon Fox\\Herd\\rateshopper\\working copy\\laravel_rate_shopper\\vendor\\composer\\ClassLoader.php(576): include('C:\\\\Users\\\\Simon ...')
#10 C:\\Users\\Simon Fox\\Herd\\rateshopper\\working copy\\laravel_rate_shopper\\vendor\\composer\\ClassLoader.php(427): {closure:Composer\\Autoload\\ClassLoader::initializeIncludeClosure():575}('C:\\\\Users\\\\Simon ...')
#11 C:\\Users\\Simon Fox\\Herd\\rateshopper\\working copy\\laravel_rate_shopper\\vendor\\laravel\\framework\\src\\Illuminate\\Collections\\Collection.php(22): Composer\\Autoload\\ClassLoader->loadClass('Illuminate\\\\Supp...')
#12 C:\\Users\\Simon Fox\\Herd\\rateshopper\\working copy\\laravel_rate_shopper\\vendor\\composer\\ClassLoader.php(576): include('C:\\\\Users\\\\Simon ...')
#13 C:\\Users\\Simon Fox\\Herd\\rateshopper\\working copy\\laravel_rate_shopper\\vendor\\composer\\ClassLoader.php(427): {closure:Composer\\Autoload\\ClassLoader::initializeIncludeClosure():575}('C:\\\\Users\\\\Simon ...')
#14 C:\\Users\\Simon Fox\\Herd\\rateshopper\\working copy\\laravel_rate_shopper\\vendor\\laravel\\framework\\src\\Illuminate\\Collections\\helpers.php(18): Composer\\Autoload\\ClassLoader->loadClass('Illuminate\\\\Supp...')
#15 C:\\Users\\Simon Fox\\Herd\\rateshopper\\working copy\\laravel_rate_shopper\\vendor\\laravel\\framework\\src\\Illuminate\\Foundation\\PackageManifest.php(131): collect(Array)
#16 C:\\Users\\Simon Fox\\Herd\\rateshopper\\working copy\\laravel_rate_shopper\\vendor\\laravel\\framework\\src\\Illuminate\\Foundation\\PackageManifest.php(107): Illuminate\\Foundation\\PackageManifest->build()
#17 C:\\Users\\Simon Fox\\Herd\\rateshopper\\working copy\\laravel_rate_shopper\\vendor\\laravel\\framework\\src\\Illuminate\\Foundation\\PackageManifest.php(90): Illuminate\\Foundation\\PackageManifest->getManifest()
#18 C:\\Users\\Simon Fox\\Herd\\rateshopper\\working copy\\laravel_rate_shopper\\vendor\\laravel\\framework\\src\\Illuminate\\Foundation\\PackageManifest.php(79): Illuminate\\Foundation\\PackageManifest->config('aliases')
#19 C:\\Users\\Simon Fox\\Herd\\rateshopper\\working copy\\laravel_rate_shopper\\vendor\\laravel\\framework\\src\\Illuminate\\Foundation\\Bootstrap\\RegisterFacades.php(26): Illuminate\\Foundation\\PackageManifest->aliases()
#20 C:\\Users\\Simon Fox\\Herd\\rateshopper\\working copy\\laravel_rate_shopper\\vendor\\laravel\\framework\\src\\Illuminate\\Foundation\\Application.php(263): Illuminate\\Foundation\\Bootstrap\\RegisterFacades->bootstrap(Object(Illuminate\\Foundation\\Application))
#21 C:\\Users\\Simon Fox\\Herd\\rateshopper\\working copy\\laravel_rate_shopper\\vendor\\laravel\\framework\\src\\Illuminate\\Foundation\\Console\\Kernel.php(447): Illuminate\\Foundation\\Application->bootstrapWith(Array)
#22 C:\\Users\\Simon Fox\\Herd\\rateshopper\\working copy\\laravel_rate_shopper\\vendor\\laravel\\framework\\src\\Illuminate\\Foundation\\Console\\Kernel.php(199): Illuminate\\Foundation\\Console\\Kernel->bootstrap()
#23 C:\\Users\\Simon Fox\\Herd\\rateshopper\\working copy\\laravel_rate_shopper\\artisan(35): Illuminate\\Foundation\\Console\\Kernel->handle(Object(Symfony\\Component\\Console\\Input\\ArgvInput), Object(Symfony\\Component\\Console\\Output\\ConsoleOutput))
#24 {main}
"} 
[2026-08-13 16:09:55] laravel.WARNING: Illuminate\Support\Traits\EnumeratesValues::times(): Implicitly marking parameter $callback as nullable is deprecated, the explicit nullable type must be used instead in C:\Users\Simon Fox\Herd\rateshopper\working copy\laravel_rate_shopper\vendor\laravel\framework\src\Illuminate\Collections\Traits\EnumeratesValues.php on line 167  
[2026-08-13 16:09:55] laravel.EMERGENCY: Unable to create configured logger. Using emergency logger. {"exception":"[object] (Error(code: 0): Class \"Illuminate\\Support\\Collection\" not found at C:\\Users\\Simon Fox\\Herd\\rateshopper\\working copy\\laravel_rate_shopper\\vendor\\laravel\\framework\\src\\Illuminate\\Collections\\helpers.php:18)
[stacktrace]
#0 C:\\Users\\Simon Fox\\Herd\\rateshopper\\working copy\\laravel_rate_shopper\\vendor\\laravel\\framework\\src\\Illuminate\\Log\\LogManager.php(389): collect(Array)
#1 C:\\Users\\Simon Fox\\Herd\\rateshopper\\working copy\\laravel_rate_shopper\\vendor\\laravel\\framework\\src\\Illuminate\\Log\\LogManager.php(222): Illuminate\\Log\\LogManager->createMonologDriver(Array)
#2 C:\\Users\\Simon Fox\\Herd\\rateshopper\\working copy\\laravel_rate_shopper\\vendor\\laravel\\framework\\src\\Illuminate\\Log\\LogManager.php(137): Illuminate\\Log\\LogManager->resolve('deprecations', Array)
#3 C:\\Users\\Simon Fox\\Herd\\rateshopper\\working copy\\laravel_rate_shopper\\vendor\\laravel\\framework\\src\\Illuminate\\Log\\LogManager.php(124): Illuminate\\Log\\LogManager->get('deprecations')
#4 C:\\Users\\Simon Fox\\Herd\\rateshopper\\working copy\\laravel_rate_shopper\\vendor\\laravel\\framework\\src\\Illuminate\\Log\\LogManager.php(113): Illuminate\\Log\\LogManager->driver('deprecations')
#5 C:\\Users\\Simon Fox\\Herd\\rateshopper\\working copy\\laravel_rate_shopper\\vendor\\laravel\\framework\\src\\Illuminate\\Foundation\\Bootstrap\\HandleExceptions.php(102): Illuminate\\Log\\LogManager->channel('deprecations')
#6 C:\\Users\\Simon Fox\\Herd\\rateshopper\\working copy\\laravel_rate_shopper\\vendor\\laravel\\framework\\src\\Illuminate\\Foundation\\Bootstrap\\HandleExceptions.php(71): Illuminate\\Foundation\\Bootstrap\\HandleExceptions->handleDeprecationError('Illuminate\\\\Supp...', 'C:\\\\Users\\\\Simon ...', 537, 8192)
#7 C:\\Users\\Simon Fox\\Herd\\rateshopper\\working copy\\laravel_rate_shopper\\vendor\\laravel\\framework\\src\\Illuminate\\Foundation\\Bootstrap\\HandleExceptions.php(255): Illuminate\\Foundation\\Bootstrap\\HandleExceptions->handleError(8192, 'Illuminate\\\\Supp...', 'C:\\\\Users\\\\Simon ...', 537)
#8 C:\\Users\\Simon Fox\\Herd\\rateshopper\\working copy\\laravel_rate_shopper\\vendor\\composer\\ClassLoader.php(576): Illuminate\\Foundation\\Bootstrap\\HandleExceptions->{closure:Illuminate\\Foundation\\Bootstrap\\HandleExceptions::forwardsTo():254}(8192, 'Illuminate\\\\Supp...', 'C:\\\\Users\\\\Simon ...', 537)
#9 C:\\Users\\Simon Fox\\Herd\\rateshopper\\working copy\\laravel_rate_shopper\\vendor\\composer\\ClassLoader.php(576): include('C:\\\\Users\\\\Simon ...')
#10 C:\\Users\\Simon Fox\\Herd\\rateshopper\\working copy\\laravel_rate_shopper\\vendor\\composer\\ClassLoader.php(427): {closure:Composer\\Autoload\\ClassLoader::initializeIncludeClosure():575}('C:\\\\Users\\\\Simon ...')
#11 C:\\Users\\Simon Fox\\Herd\\rateshopper\\working copy\\laravel_rate_shopper\\vendor\\laravel\\framework\\src\\Illuminate\\Collections\\Collection.php(22): Composer\\Autoload\\ClassLoader->loadClass('Illuminate\\\\Supp...')
#12 C:\\Users\\Simon Fox\\Herd\\rateshopper\\working copy\\laravel_rate_shopper\\vendor\\composer\\ClassLoader.php(576): include('C:\\\\Users\\\\Simon ...')
#13 C:\\Users\\Simon Fox\\Herd\\rateshopper\\working copy\\laravel_rate_shopper\\vendor\\composer\\ClassLoader.php(427): {closure:Composer\\Autoload\\ClassLoader::initializeIncludeClosure():575}('C:\\\\Users\\\\Simon ...')
#14 C:\\Users\\Simon Fox\\Herd\\rateshopper\\working copy\\laravel_rate_shopper\\vendor\\laravel\\framework\\src\\Illuminate\\Collections\\helpers.php(18): Composer\\Autoload\\ClassLoader->loadClass('Illuminate\\\\Supp...')
#15 C:\\Users\\Simon Fox\\Herd\\rateshopper\\working copy\\laravel_rate_shopper\\vendor\\laravel\\framework\\src\\Illuminate\\Foundation\\PackageManifest.php(131): collect(Array)
#16 C:\\Users\\Simon Fox\\Herd\\rateshopper\\working copy\\laravel_rate_shopper\\vendor\\laravel\\framework\\src\\Illuminate\\Foundation\\PackageManifest.php(107): Illuminate\\Foundation\\PackageManifest->build()
#17 C:\\Users\\Simon Fox\\Herd\\rateshopper\\working copy\\laravel_rate_shopper\\vendor\\laravel\\framework\\src\\Illuminate\\Foundation\\PackageManifest.php(90): Illuminate\\Foundation\\PackageManifest->getManifest()
#18 C:\\Users\\Simon Fox\\Herd\\rateshopper\\working copy\\laravel_rate_shopper\\vendor\\laravel\\framework\\src\\Illuminate\\Foundation\\PackageManifest.php(79): Illuminate\\Foundation\\PackageManifest->config('aliases')
#19 C:\\Users\\Simon Fox\\Herd\\rateshopper\\working copy\\laravel_rate_shopper\\vendor\\laravel\\framework\\src\\Illuminate\\Foundation\\Bootstrap\\RegisterFacades.php(26): Illuminate\\Foundation\\PackageManifest->aliases()
#20 C:\\Users\\Simon Fox\\Herd\\rateshopper\\working copy\\laravel_rate_shopper\\vendor\\laravel\\framework\\src\\Illuminate\\Foundation\\Application.php(263): Illuminate\\Foundation\\Bootstrap\\RegisterFacades->bootstrap(Object(Illuminate\\Foundation\\Application))
#21 C:\\Users\\Simon Fox\\Herd\\rateshopper\\working copy\\laravel_rate_shopper\\vendor\\laravel\\framework\\src\\Illuminate\\Foundation\\Console\\Kernel.php(447): Illuminate\\Foundation\\Application->bootstrapWith(Array)
#22 C:\\Users\\Simon Fox\\Herd\\rateshopper\\working copy\\laravel_rate_shopper\\vendor\\laravel\\framework\\src\\Illuminate\\Foundation\\Console\\Kernel.php(199): Illuminate\\Foundation\\Console\\Kernel->bootstrap()
#23 C:\\Users\\Simon Fox\\Herd\\rateshopper\\working copy\\laravel_rate_shopper\\artisan(35): Illuminate\\Foundation\\Console\\Kernel->handle(Object(Symfony\\Component\\Console\\Input\\ArgvInput), Object(Symfony\\Component\\Console\\Output\\ConsoleOutput))
#24 {main}
"} 
[2026-08-13 16:09:55] laravel.WARNING: Illuminate\Support\Traits\EnumeratesValues::whenEmpty(): Implicitly marking parameter $default as nullable is deprecated, the explicit nullable type must be used instead in C:\Users\Simon Fox\Herd\rateshopper\working copy\laravel_rate_shopper\vendor\laravel\framework\src\Illuminate\Collections\Traits\EnumeratesValues.php on line 537  
[2026-08-13 16:09:55] laravel.EMERGENCY: Unable to create configured logger. Using emergency logger. {"exception":"[object] (Error(code: 0): Class \"Illuminate\\Support\\Collection\" not found at C:\\Users\\Simon Fox\\Herd\\rateshopper\\working copy\\laravel_rate_shopper\\vendor\\laravel\\framework\\src\\Illuminate\\Collections\\helpers.php:18)
[stacktrace]
#0 C:\\Users\\Simon Fox\\Herd\\rateshopper\\working copy\\laravel_rate_shopper\\vendor\\laravel\\framework\\src\\Illuminate\\Log\\LogManager.php(389): collect(Array)
#1 C:\\Users\\Simon Fox\\Herd\\rateshopper\\working copy\\laravel_rate_shopper\\vendor\\laravel\\framework\\src\\Illuminate\\Log\\LogManager.php(222): Illuminate\\Log\\LogManager->createMonologDriver(Array)
#2 C:\\Users\\Simon Fox\\Herd\\rateshopper\\working copy\\laravel_rate_shopper\\vendor\\laravel\\framework\\src\\Illuminate\\Log\\LogManager.php(137): Illuminate\\Log\\LogManager->resolve('deprecations', Array)
#3 C:\\Users\\Simon Fox\\Herd\\rateshopper\\working copy\\laravel_rate_shopper\\vendor\\laravel\\framework\\src\\Illuminate\\Log\\LogManager.php(124): Illuminate\\Log\\LogManager->get('deprecations')
#4 C:\\Users\\Simon Fox\\Herd\\rateshopper\\working copy\\laravel_rate_shopper\\vendor\\laravel\\framework\\src\\Illuminate\\Log\\LogManager.php(113): Illuminate\\Log\\LogManager->driver('deprecations')
#5 C:\\Users\\Simon Fox\\Herd\\rateshopper\\working copy\\laravel_rate_shopper\\vendor\\laravel\\framework\\src\\Illuminate\\Foundation\\Bootstrap\\HandleExceptions.php(102): Illuminate\\Log\\LogManager->channel('deprecations')
#6 C:\\Users\\Simon Fox\\Herd\\rateshopper\\working copy\\laravel_rate_shopper\\vendor\\laravel\\framework\\src\\Illuminate\\Foundation\\Bootstrap\\HandleExceptions.php(71): Illuminate\\Foundation\\Bootstrap\\HandleExceptions->handleDeprecationError('Illuminate\\\\Supp...', 'C:\\\\Users\\\\Simon ...', 551, 8192)
#7 C:\\Users\\Simon Fox\\Herd\\rateshopper\\working copy\\laravel_rate_shopper\\vendor\\laravel\\framework\\src\\Illuminate\\Foundation\\Bootstrap\\HandleExceptions.php(255): Illuminate\\Foundation\\Bootstrap\\HandleExceptions->handleError(8192, 'Illuminate\\\\Supp...', 'C:\\\\Users\\\\Simon ...', 551)
#8 C:\\Users\\Simon Fox\\Herd\\rateshopper\\working copy\\laravel_rate_shopper\\vendor\\composer\\ClassLoader.php(576): Illuminate\\Foundation\\Bootstrap\\HandleExceptions->{closure:Illuminate\\Foundation\\Bootstrap\\HandleExceptions::forwardsTo():254}(8192, 'Illuminate\\\\Supp...', 'C:\\\\Users\\\\Simon ...', 551)
#9 C:\\Users\\Simon Fox\\Herd\\rateshopper\\working copy\\laravel_rate_shopper\\vendor\\composer\\ClassLoader.php(576): include('C:\\\\Users\\\\Simon ...')
#10 C:\\Users\\Simon Fox\\Herd\\rateshopper\\working copy\\laravel_rate_shopper\\vendor\\composer\\ClassLoader.php(427): {closure:Composer\\Autoload\\ClassLoader::initializeIncludeClosure():575}('C:\\\\Users\\\\Simon ...')
#11 C:\\Users\\Simon Fox\\Herd\\rateshopper\\working copy\\laravel_rate_shopper\\vendor\\laravel\\framework\\src\\Illuminate\\Collections\\Collection.php(22): Composer\\Autoload\\ClassLoader->loadClass('Illuminate\\\\Supp...')
#12 C:\\Users\\Simon Fox\\Herd\\rateshopper\\working copy\\laravel_rate_shopper\\vendor\\composer\\ClassLoader.php(576): include('C:\\\\Users\\\\Simon ...')
#13 C:\\Users\\Simon Fox\\Herd\\rateshopper\\working copy\\laravel_rate_shopper\\vendor\\composer\\ClassLoader.php(427): {closure:Composer\\Autoload\\ClassLoader::initializeIncludeClosure():575}('C:\\\\Users\\\\Simon ...')
#14 C:\\Users\\Simon Fox\\Herd\\rateshopper\\working copy\\laravel_rate_shopper\\vendor\\laravel\\framework\\src\\Illuminate\\Collections\\helpers.php(18): Composer\\Autoload\\ClassLoader->loadClass('Illuminate\\\\Supp...')
#15 C:\\Users\\Simon Fox\\Herd\\rateshopper\\working copy\\laravel_rate_shopper\\vendor\\laravel\\framework\\src\\Illuminate\\Foundation\\PackageManifest.php(131): collect(Array)
#16 C:\\Users\\Simon Fox\\Herd\\rateshopper\\working copy\\laravel_rate_shopper\\vendor\\laravel\\framework\\src\\Illuminate\\Foundation\\PackageManifest.php(107): Illuminate\\Foundation\\PackageManifest->build()
#17 C:\\Users\\Simon Fox\\Herd\\rateshopper\\working copy\\laravel_rate_shopper\\vendor\\laravel\\framework\\src\\Illuminate\\Foundation\\PackageManifest.php(90): Illuminate\\Foundation\\PackageManifest->getManifest()
#18 C:\\Users\\Simon Fox\\Herd\\rateshopper\\working copy\\laravel_rate_shopper\\vendor\\laravel\\framework\\src\\Illuminate\\Foundation\\PackageManifest.php(79): Illuminate\\Foundation\\PackageManifest->config('aliases')
#19 C:\\Users\\Simon Fox\\Herd\\rateshopper\\working copy\\laravel_rate_shopper\\vendor\\laravel\\framework\\src\\Illuminate\\Foundation\\Bootstrap\\RegisterFacades.php(26): Illuminate\\Foundation\\PackageManifest->aliases()
#20 C:\\Users\\Simon Fox\\Herd\\rateshopper\\working copy\\laravel_rate_shopper\\vendor\\laravel\\framework\\src\\Illuminate\\Foundation\\Application.php(263): Illuminate\\Foundation\\Bootstrap\\RegisterFacades->bootstrap(Object(Illuminate\\Foundation\\Application))
#21 C:\\Users\\Simon Fox\\Herd\\rateshopper\\working copy\\laravel_rate_shopper\\vendor\\laravel\\framework\\src\\Illuminate\\Foundation\\Console\\Kernel.php(447): Illuminate\\Foundation\\Application->bootstrapWith(Array)
#22 C:\\Users\\Simon Fox\\Herd\\rateshopper\\working copy\\laravel_rate_shopper\\vendor\\laravel\\framework\\src\\Illuminate\\Foundation\\Console\\Kernel.php(199): Illuminate\\Foundation\\Console\\Kernel->bootstrap()
#23 C:\\Users\\Simon Fox\\Herd\\rateshopper\\working copy\\laravel_rate_shopper\\artisan(35): Illuminate\\Foundation\\Console\\Kernel->handle(Object(Symfony\\Component\\Console\\Input\\ArgvInput), Object(Symfony\\Component\\Console\\Output\\ConsoleOutput))
#24 {main}
"} 
[2026-08-13 16:09:55] laravel.WARNING: Illuminate\Support\Traits\EnumeratesValues::whenNotEmpty(): Implicitly marking parameter $default as nullable is deprecated, the explicit nullable type must be used instead in C:\Users\Simon Fox\Herd\rateshopper\working copy\laravel_rate_shopper\vendor\laravel\framework\src\Illuminate\Collections\Traits\EnumeratesValues.php on line 551  
[2026-08-13 16:09:55] laravel.EMERGENCY: Unable to create configured logger. Using emergency logger. {"exception":"[object] (Error(code: 0): Class \"Illuminate\\Support\\Collection\" not found at C:\\Users\\Simon Fox\\Herd\\rateshopper\\working copy\\laravel_rate_shopper\\vendor\\laravel\\framework\\src\\Illuminate\\Collections\\helpers.php:18)
[stacktrace]
#0 C:\\Users\\Simon Fox\\Herd\\rateshopper\\working copy\\laravel_rate_shopper\\vendor\\laravel\\framework\\src\\Illuminate\\Log\\LogManager.php(389): collect(Array)
#1 C:\\Users\\Simon Fox\\Herd\\rateshopper\\working copy\\laravel_rate_shopper\\vendor\\laravel\\framework\\src\\Illuminate\\Log\\LogManager.php(222): Illuminate\\Log\\LogManager->createMonologDriver(Array)
#2 C:\\Users\\Simon Fox\\Herd\\rateshopper\\working copy\\laravel_rate_shopper\\vendor\\laravel\\framework\\src\\Illuminate\\Log\\LogManager.php(137): Illuminate\\Log\\LogManager->resolve('deprecations', Array)
#3 C:\\Users\\Simon Fox\\Herd\\rateshopper\\working copy\\laravel_rate_shopper\\vendor\\laravel\\framework\\src\\Illuminate\\Log\\LogManager.php(124): Illuminate\\Log\\LogManager->get('deprecations')
#4 C:\\Users\\Simon Fox\\Herd\\rateshopper\\working copy\\laravel_rate_shopper\\vendor\\laravel\\framework\\src\\Illuminate\\Log\\LogManager.php(113): Illuminate\\Log\\LogManager->driver('deprecations')
#5 C:\\Users\\Simon Fox\\Herd\\rateshopper\\working copy\\laravel_rate_shopper\\vendor\\laravel\\framework\\src\\Illuminate\\Foundation\\Bootstrap\\HandleExceptions.php(102): Illuminate\\Log\\LogManager->channel('deprecations')
#6 C:\\Users\\Simon Fox\\Herd\\rateshopper\\working copy\\laravel_rate_shopper\\vendor\\laravel\\framework\\src\\Illuminate\\Foundation\\Bootstrap\\HandleExceptions.php(71): Illuminate\\Foundation\\Bootstrap\\HandleExceptions->handleDeprecationError('Illuminate\\\\Supp...', 'C:\\\\Users\\\\Simon ...', 565, 8192)
#7 C:\\Users\\Simon Fox\\Herd\\rateshopper\\working copy\\laravel_rate_shopper\\vendor\\laravel\\framework\\src\\Illuminate\\Foundation\\Bootstrap\\HandleExceptions.php(255): Illuminate\\Foundation\\Bootstrap\\HandleExceptions->handleError(8192, 'Illuminate\\\\Supp...', 'C:\\\\Users\\\\Simon ...', 565)
#8 C:\\Users\\Simon Fox\\Herd\\rateshopper\\working copy\\laravel_rate_shopper\\vendor\\composer\\ClassLoader.php(576): Illuminate\\Foundation\\Bootstrap\\HandleExceptions->{closure:Illuminate\\Foundation\\Bootstrap\\HandleExceptions::forwardsTo():254}(8192, 'Illuminate\\\\Supp...', 'C:\\\\Users\\\\Simon ...', 565)
#9 C:\\Users\\Simon Fox\\Herd\\rateshopper\\working copy\\laravel_rate_shopper\\vendor\\composer\\ClassLoader.php(576): include('C:\\\\Users\\\\Simon ...')
#10 C:\\Users\\Simon Fox\\Herd\\rateshopper\\working copy\\laravel_rate_shopper\\vendor\\composer\\ClassLoader.php(427): {closure:Composer\\Autoload\\ClassLoader::initializeIncludeClosure():575}('C:\\\\Users\\\\Simon ...')
#11 C:\\Users\\Simon Fox\\Herd\\rateshopper\\working copy\\laravel_rate_shopper\\vendor\\laravel\\framework\\src\\Illuminate\\Collections\\Collection.php(22): Composer\\Autoload\\ClassLoader->loadClass('Illuminate\\\\Supp...')
#12 C:\\Users\\Simon Fox\\Herd\\rateshopper\\working copy\\laravel_rate_shopper\\vendor\\composer\\ClassLoader.php(576): include('C:\\\\Users\\\\Simon ...')
#13 C:\\Users\\Simon Fox\\Herd\\rateshopper\\working copy\\laravel_rate_shopper\\vendor\\composer\\ClassLoader.php(427): {closure:Composer\\Autoload\\ClassLoader::initializeIncludeClosure():575}('C:\\\\Users\\\\Simon ...')
#14 C:\\Users\\Simon Fox\\Herd\\rateshopper\\working copy\\laravel_rate_shopper\\vendor\\laravel\\framework\\src\\Illuminate\\Collections\\helpers.php(18): Composer\\Autoload\\ClassLoader->loadClass('Illuminate\\\\Supp...')
#15 C:\\Users\\Simon Fox\\Herd\\rateshopper\\working copy\\laravel_rate_shopper\\vendor\\laravel\\framework\\src\\Illuminate\\Foundation\\PackageManifest.php(131): collect(Array)
#16 C:\\Users\\Simon Fox\\Herd\\rateshopper\\working copy\\laravel_rate_shopper\\vendor\\laravel\\framework\\src\\Illuminate\\Foundation\\PackageManifest.php(107): Illuminate\\Foundation\\PackageManifest->build()
#17 C:\\Users\\Simon Fox\\Herd\\rateshopper\\working copy\\laravel_rate_shopper\\vendor\\laravel\\framework\\src\\Illuminate\\Foundation\\PackageManifest.php(90): Illuminate\\Foundation\\PackageManifest->getManifest()
#18 C:\\Users\\Simon Fox\\Herd\\rateshopper\\working copy\\laravel_rate_shopper\\vendor\\laravel\\framework\\src\\Illuminate\\Foundation\\PackageManifest.php(79): Illuminate\\Foundation\\PackageManifest->config('aliases')
#19 C:\\Users\\Simon Fox\\Herd\\rateshopper\\working copy\\laravel_rate_shopper\\vendor\\laravel\\framework\\src\\Illuminate\\Foundation\\Bootstrap\\RegisterFacades.php(26): Illuminate\\Foundation\\PackageManifest->aliases()
#20 C:\\Users\\Simon Fox\\Herd\\rateshopper\\working copy\\laravel_rate_shopper\\vendor\\laravel\\framework\\src\\Illuminate\\Foundation\\Application.php(263): Illuminate\\Foundation\\Bootstrap\\RegisterFacades->bootstrap(Object(Illuminate\\Foundation\\Application))
#21 C:\\Users\\Simon Fox\\Herd\\rateshopper\\working copy\\laravel_rate_shopper\\vendor\\laravel\\framework\\src\\Illuminate\\Foundation\\Console\\Kernel.php(447): Illuminate\\Foundation\\Application->bootstrapWith(Array)
#22 C:\\Users\\Simon Fox\\Herd\\rateshopper\\working copy\\laravel_rate_shopper\\vendor\\laravel\\framework\\src\\Illuminate\\Foundation\\Console\\Kernel.php(199): Illuminate\\Foundation\\Console\\Kernel->bootstrap()
#23 C:\\Users\\Simon Fox\\Herd\\rateshopper\\working copy\\laravel_rate_shopper\\artisan(35): Illuminate\\Foundation\\Console\\Kernel->handle(Object(Symfony\\Component\\Console\\Input\\ArgvInput), Object(Symfony\\Component\\Console\\Output\\ConsoleOutput))
#24 {main}
"} 
[2026-08-13 16:09:55] laravel.WARNING: Illuminate\Support\Traits\EnumeratesValues::unlessEmpty(): Implicitly marking parameter $default as nullable is deprecated, the explicit nullable type must be used instead in C:\Users\Simon Fox\Herd\rateshopper\working copy\laravel_rate_shopper\vendor\laravel\framework\src\Illuminate\Collections\Traits\EnumeratesValues.php on line 565  
[2026-08-13 16:09:55] laravel.EMERGENCY: Unable to create configured logger. Using emergency logger. {"exception":"[object] (Error(code: 0): Class \"Illuminate\\Support\\Collection\" not found at C:\\Users\\Simon Fox\\Herd\\rateshopper\\working copy\\laravel_rate_shopper\\vendor\\laravel\\framework\\src\\Illuminate\\Collections\\helpers.php:18)
[stacktrace]
#0 C:\\Users\\Simon Fox\\Herd\\rateshopper\\working copy\\laravel_rate_shopper\\vendor\\laravel\\framework\\src\\Illuminate\\Log\\LogManager.php(389): collect(Array)
#1 C:\\Users\\Simon Fox\\Herd\\rateshopper\\working copy\\laravel_rate_shopper\\vendor\\laravel\\framework\\src\\Illuminate\\Log\\LogManager.php(222): Illuminate\\Log\\LogManager->createMonologDriver(Array)
#2 C:\\Users\\Simon Fox\\Herd\\rateshopper\\working copy\\laravel_rate_shopper\\vendor\\laravel\\framework\\src\\Illuminate\\Log\\LogManager.php(137): Illuminate\\Log\\LogManager->resolve('deprecations', Array)
#3 C:\\Users\\Simon Fox\\Herd\\rateshopper\\working copy\\laravel_rate_shopper\\vendor\\laravel\\framework\\src\\Illuminate\\Log\\LogManager.php(124): Illuminate\\Log\\LogManager->get('deprecations')
#4 C:\\Users\\Simon Fox\\Herd\\rateshopper\\working copy\\laravel_rate_shopper\\vendor\\laravel\\framework\\src\\Illuminate\\Log\\LogManager.php(113): Illuminate\\Log\\LogManager->driver('deprecations')
#5 C:\\Users\\Simon Fox\\Herd\\rateshopper\\working copy\\laravel_rate_shopper\\vendor\\laravel\\framework\\src\\Illuminate\\Foundation\\Bootstrap\\HandleExceptions.php(102): Illuminate\\Log\\LogManager->channel('deprecations')
#6 C:\\Users\\Simon Fox\\Herd\\rateshopper\\working copy\\laravel_rate_shopper\\vendor\\laravel\\framework\\src\\Illuminate\\Foundation\\Bootstrap\\HandleExceptions.php(71): Illuminate\\Foundation\\Bootstrap\\HandleExceptions->handleDeprecationError('Illuminate\\\\Supp...', 'C:\\\\Users\\\\Simon ...', 579, 8192)
#7 C:\\Users\\Simon Fox\\Herd\\rateshopper\\working copy\\laravel_rate_shopper\\vendor\\laravel\\framework\\src\\Illuminate\\Foundation\\Bootstrap\\HandleExceptions.php(255): Illuminate\\Foundation\\Bootstrap\\HandleExceptions->handleError(8192, 'Illuminate\\\\Supp...', 'C:\\\\Users\\\\Simon ...', 579)
#8 C:\\Users\\Simon Fox\\Herd\\rateshopper\\working copy\\laravel_rate_shopper\\vendor\\composer\\ClassLoader.php(576): Illuminate\\Foundation\\Bootstrap\\HandleExceptions->{closure:Illuminate\\Foundation\\Bootstrap\\HandleExceptions::forwardsTo():254}(8192, 'Illuminate\\\\Supp...', 'C:\\\\Users\\\\Simon ...', 579)
#9 C:\\Users\\Simon Fox\\Herd\\rateshopper\\working copy\\laravel_rate_shopper\\vendor\\composer\\ClassLoader.php(576): include('C:\\\\Users\\\\Simon ...')
#10 C:\\Users\\Simon Fox\\Herd\\rateshopper\\working copy\\laravel_rate_shopper\\vendor\\composer\\ClassLoader.php(427): {closure:Composer\\Autoload\\ClassLoader::initializeIncludeClosure():575}('C:\\\\Users\\\\Simon ...')
#11 C:\\Users\\Simon Fox\\Herd\\rateshopper\\working copy\\laravel_rate_shopper\\vendor\\laravel\\framework\\src\\Illuminate\\Collections\\Collection.php(22): Composer\\Autoload\\ClassLoader->loadClass('Illuminate\\\\Supp...')
#12 C:\\Users\\Simon Fox\\Herd\\rateshopper\\working copy\\laravel_rate_shopper\\vendor\\composer\\ClassLoader.php(576): include('C:\\\\Users\\\\Simon ...')
#13 C:\\Users\\Simon Fox\\Herd\\rateshopper\\working copy\\laravel_rate_shopper\\vendor\\composer\\ClassLoader.php(427): {closure:Composer\\Autoload\\ClassLoader::initializeIncludeClosure():575}('C:\\\\Users\\\\Simon ...')
#14 C:\\Users\\Simon Fox\\Herd\\rateshopper\\working copy\\laravel_rate_shopper\\vendor\\laravel\\framework\\src\\Illuminate\\Collections\\helpers.php(18): Composer\\Autoload\\ClassLoader->loadClass('Illuminate\\\\Supp...')
#15 C:\\Users\\Simon Fox\\Herd\\rateshopper\\working copy\\laravel_rate_shopper\\vendor\\laravel\\framework\\src\\Illuminate\\Foundation\\PackageManifest.php(131): collect(Array)
#16 C:\\Users\\Simon Fox\\Herd\\rateshopper\\working copy\\laravel_rate_shopper\\vendor\\laravel\\framework\\src\\Illuminate\\Foundation\\PackageManifest.php(107): Illuminate\\Foundation\\PackageManifest->build()
#17 C:\\Users\\Simon Fox\\Herd\\rateshopper\\working copy\\laravel_rate_shopper\\vendor\\laravel\\framework\\src\\Illuminate\\Foundation\\PackageManifest.php(90): Illuminate\\Foundation\\PackageManifest->getManifest()
#18 C:\\Users\\Simon Fox\\Herd\\rateshopper\\working copy\\laravel_rate_shopper\\vendor\\laravel\\framework\\src\\Illuminate\\Foundation\\PackageManifest.php(79): Illuminate\\Foundation\\PackageManifest->config('aliases')
#19 C:\\Users\\Simon Fox\\Herd\\rateshopper\\working copy\\laravel_rate_shopper\\vendor\\laravel\\framework\\src\\Illuminate\\Foundation\\Bootstrap\\RegisterFacades.php(26): Illuminate\\Foundation\\PackageManifest->aliases()
#20 C:\\Users\\Simon Fox\\Herd\\rateshopper\\working copy\\laravel_rate_shopper\\vendor\\laravel\\framework\\src\\Illuminate\\Foundation\\Application.php(263): Illuminate\\Foundation\\Bootstrap\\RegisterFacades->bootstrap(Object(Illuminate\\Foundation\\Application))
#21 C:\\Users\\Simon Fox\\Herd\\rateshopper\\working copy\\laravel_rate_shopper\\vendor\\laravel\\framework\\src\\Illuminate\\Foundation\\Console\\Kernel.php(447): Illuminate\\Foundation\\Application->bootstrapWith(Array)
#22 C:\\Users\\Simon Fox\\Herd\\rateshopper\\working copy\\laravel_rate_shopper\\vendor\\laravel\\framework\\src\\Illuminate\\Foundation\\Console\\Kernel.php(199): Illuminate\\Foundation\\Console\\Kernel->bootstrap()
#23 C:\\Users\\Simon Fox\\Herd\\rateshopper\\working copy\\laravel_rate_shopper\\artisan(35): Illuminate\\Foundation\\Console\\Kernel->handle(Object(Symfony\\Component\\Console\\Input\\ArgvInput), Object(Symfony\\Component\\Console\\Output\\ConsoleOutput))
#24 {main}
"} 
[2026-08-13 16:09:55] laravel.WARNING: Illuminate\Support\Traits\EnumeratesValues::unlessNotEmpty(): Implicitly marking parameter $default as nullable is deprecated, the explicit nullable type must be used instead in C:\Users\Simon Fox\Herd\rateshopper\working copy\laravel_rate_shopper\vendor\laravel\framework\src\Illuminate\Collections\Traits\EnumeratesValues.php on line 579  
[2026-08-13 16:09:55] laravel.EMERGENCY: Unable to create configured logger. Using emergency logger. {"exception":"[object] (Error(code: 0): Class \"Illuminate\\Support\\Collection\" not found at C:\\Users\\Simon Fox\\Herd\\rateshopper\\working copy\\laravel_rate_shopper\\vendor\\laravel\\framework\\src\\Illuminate\\Collections\\helpers.php:18)
[stacktrace]
#0 C:\\Users\\Simon Fox\\Herd\\rateshopper\\working copy\\laravel_rate_shopper\\vendor\\laravel\\framework\\src\\Illuminate\\Log\\LogManager.php(389): collect(Array)
#1 C:\\Users\\Simon Fox\\Herd\\rateshopper\\working copy\\laravel_rate_shopper\\vendor\\laravel\\framework\\src\\Illuminate\\Log\\LogManager.php(222): Illuminate\\Log\\LogManager->createMonologDriver(Array)
#2 C:\\Users\\Simon Fox\\Herd\\rateshopper\\working copy\\laravel_rate_shopper\\vendor\\laravel\\framework\\src\\Illuminate\\Log\\LogManager.php(137): Illuminate\\Log\\LogManager->resolve('deprecations', Array)
#3 C:\\Users\\Simon Fox\\Herd\\rateshopper\\working copy\\laravel_rate_shopper\\vendor\\laravel\\framework\\src\\Illuminate\\Log\\LogManager.php(124): Illuminate\\Log\\LogManager->get('deprecations')
#4 C:\\Users\\Simon Fox\\Herd\\rateshopper\\working copy\\laravel_rate_shopper\\vendor\\laravel\\framework\\src\\Illuminate\\Log\\LogManager.php(113): Illuminate\\Log\\LogManager->driver('deprecations')
#5 C:\\Users\\Simon Fox\\Herd\\rateshopper\\working copy\\laravel_rate_shopper\\vendor\\laravel\\framework\\src\\Illuminate\\Foundation\\Bootstrap\\HandleExceptions.php(102): Illuminate\\Log\\LogManager->channel('deprecations')
#6 C:\\Users\\Simon Fox\\Herd\\rateshopper\\working copy\\laravel_rate_shopper\\vendor\\laravel\\framework\\src\\Illuminate\\Foundation\\Bootstrap\\HandleExceptions.php(71): Illuminate\\Foundation\\Bootstrap\\HandleExceptions->handleDeprecationError('Illuminate\\\\Supp...', 'C:\\\\Users\\\\Simon ...', 41, 8192)
#7 C:\\Users\\Simon Fox\\Herd\\rateshopper\\working copy\\laravel_rate_shopper\\vendor\\laravel\\framework\\src\\Illuminate\\Foundation\\Bootstrap\\HandleExceptions.php(255): Illuminate\\Foundation\\Bootstrap\\HandleExceptions->handleError(8192, 'Illuminate\\\\Supp...', 'C:\\\\Users\\\\Simon ...', 41)
#8 C:\\Users\\Simon Fox\\Herd\\rateshopper\\working copy\\laravel_rate_shopper\\vendor\\composer\\ClassLoader.php(576): Illuminate\\Foundation\\Bootstrap\\HandleExceptions->{closure:Illuminate\\Foundation\\Bootstrap\\HandleExceptions::forwardsTo():254}(8192, 'Illuminate\\\\Supp...', 'C:\\\\Users\\\\Simon ...', 41)
#9 C:\\Users\\Simon Fox\\Herd\\rateshopper\\working copy\\laravel_rate_shopper\\vendor\\composer\\ClassLoader.php(576): include('C:\\\\Users\\\\Simon ...')
#10 C:\\Users\\Simon Fox\\Herd\\rateshopper\\working copy\\laravel_rate_shopper\\vendor\\composer\\ClassLoader.php(427): {closure:Composer\\Autoload\\ClassLoader::initializeIncludeClosure():575}('C:\\\\Users\\\\Simon ...')
#11 C:\\Users\\Simon Fox\\Herd\\rateshopper\\working copy\\laravel_rate_shopper\\vendor\\laravel\\framework\\src\\Illuminate\\Collections\\Collection.php(22): Composer\\Autoload\\ClassLoader->loadClass('Illuminate\\\\Supp...')
#12 C:\\Users\\Simon Fox\\Herd\\rateshopper\\working copy\\laravel_rate_shopper\\vendor\\composer\\ClassLoader.php(576): include('C:\\\\Users\\\\Simon ...')
#13 C:\\Users\\Simon Fox\\Herd\\rateshopper\\working copy\\laravel_rate_shopper\\vendor\\composer\\ClassLoader.php(427): {closure:Composer\\Autoload\\ClassLoader::initializeIncludeClosure():575}('C:\\\\Users\\\\Simon ...')
#14 C:\\Users\\Simon Fox\\Herd\\rateshopper\\working copy\\laravel_rate_shopper\\vendor\\laravel\\framework\\src\\Illuminate\\Collections\\helpers.php(18): Composer\\Autoload\\ClassLoader->loadClass('Illuminate\\\\Supp...')
#15 C:\\Users\\Simon Fox\\Herd\\rateshopper\\working copy\\laravel_rate_shopper\\vendor\\laravel\\framework\\src\\Illuminate\\Foundation\\PackageManifest.php(131): collect(Array)
#16 C:\\Users\\Simon Fox\\Herd\\rateshopper\\working copy\\laravel_rate_shopper\\vendor\\laravel\\framework\\src\\Illuminate\\Foundation\\PackageManifest.php(107): Illuminate\\Foundation\\PackageManifest->build()
#17 C:\\Users\\Simon Fox\\Herd\\rateshopper\\working copy\\laravel_rate_shopper\\vendor\\laravel\\framework\\src\\Illuminate\\Foundation\\PackageManifest.php(90): Illuminate\\Foundation\\PackageManifest->getManifest()
#18 C:\\Users\\Simon Fox\\Herd\\rateshopper\\working copy\\laravel_rate_shopper\\vendor\\laravel\\framework\\src\\Illuminate\\Foundation\\PackageManifest.php(79): Illuminate\\Foundation\\PackageManifest->config('aliases')
#19 C:\\Users\\Simon Fox\\Herd\\rateshopper\\working copy\\laravel_rate_shopper\\vendor\\laravel\\framework\\src\\Illuminate\\Foundation\\Bootstrap\\RegisterFacades.php(26): Illuminate\\Foundation\\PackageManifest->aliases()
#20 C:\\Users\\Simon Fox\\Herd\\rateshopper\\working copy\\laravel_rate_shopper\\vendor\\laravel\\framework\\src\\Illuminate\\Foundation\\Application.php(263): Illuminate\\Foundation\\Bootstrap\\RegisterFacades->bootstrap(Object(Illuminate\\Foundation\\Application))
#21 C:\\Users\\Simon Fox\\Herd\\rateshopper\\working copy\\laravel_rate_shopper\\vendor\\laravel\\framework\\src\\Illuminate\\Foundation\\Console\\Kernel.php(447): Illuminate\\Foundation\\Application->bootstrapWith(Array)
#22 C:\\Users\\Simon Fox\\Herd\\rateshopper\\working copy\\laravel_rate_shopper\\vendor\\laravel\\framework\\src\\Illuminate\\Foundation\\Console\\Kernel.php(199): Illuminate\\Foundation\\Console\\Kernel->bootstrap()
#23 C:\\Users\\Simon Fox\\Herd\\rateshopper\\working copy\\laravel_rate_shopper\\artisan(35): Illuminate\\Foundation\\Console\\Kernel->handle(Object(Symfony\\Component\\Console\\Input\\ArgvInput), Object(Symfony\\Component\\Console\\Output\\ConsoleOutput))
#24 {main}
"} 
[2026-08-13 16:09:55] laravel.WARNING: Illuminate\Support\Enumerable::times(): Implicitly marking parameter $callback as nullable is deprecated, the explicit nullable type must be used instead in C:\Users\Simon Fox\Herd\rateshopper\working copy\laravel_rate_shopper\vendor\laravel\framework\src\Illuminate\Collections\Enumerable.php on line 41  
[2026-08-13 16:09:55] laravel.EMERGENCY: Unable to create configured logger. Using emergency logger. {"exception":"[object] (Error(code: 0): Class \"Illuminate\\Support\\Collection\" not found at C:\\Users\\Simon Fox\\Herd\\rateshopper\\working copy\\laravel_rate_shopper\\vendor\\laravel\\framework\\src\\Illuminate\\Collections\\helpers.php:18)
[stacktrace]
#0 C:\\Users\\Simon Fox\\Herd\\rateshopper\\working copy\\laravel_rate_shopper\\vendor\\laravel\\framework\\src\\Illuminate\\Log\\LogManager.php(389): collect(Array)
#1 C:\\Users\\Simon Fox\\Herd\\rateshopper\\working copy\\laravel_rate_shopper\\vendor\\laravel\\framework\\src\\Illuminate\\Log\\LogManager.php(222): Illuminate\\Log\\LogManager->createMonologDriver(Array)
#2 C:\\Users\\Simon Fox\\Herd\\rateshopper\\working copy\\laravel_rate_shopper\\vendor\\laravel\\framework\\src\\Illuminate\\Log\\LogManager.php(137): Illuminate\\Log\\LogManager->resolve('deprecations', Array)
#3 C:\\Users\\Simon Fox\\Herd\\rateshopper\\working copy\\laravel_rate_shopper\\vendor\\laravel\\framework\\src\\Illuminate\\Log\\LogManager.php(124): Illuminate\\Log\\LogManager->get('deprecations')
#4 C:\\Users\\Simon Fox\\Herd\\rateshopper\\working copy\\laravel_rate_shopper\\vendor\\laravel\\framework\\src\\Illuminate\\Log\\LogManager.php(113): Illuminate\\Log\\LogManager->driver('deprecations')
#5 C:\\Users\\Simon Fox\\Herd\\rateshopper\\working copy\\laravel_rate_shopper\\vendor\\laravel\\framework\\src\\Illuminate\\Foundation\\Bootstrap\\HandleExceptions.php(102): Illuminate\\Log\\LogManager->channel('deprecations')
#6 C:\\Users\\Simon Fox\\Herd\\rateshopper\\working copy\\laravel_rate_shopper\\vendor\\laravel\\framework\\src\\Illuminate\\Foundation\\Bootstrap\\HandleExceptions.php(71): Illuminate\\Foundation\\Bootstrap\\HandleExceptions->handleDeprecationError('Illuminate\\\\Supp...', 'C:\\\\Users\\\\Simon ...', 299, 8192)
#7 C:\\Users\\Simon Fox\\Herd\\rateshopper\\working copy\\laravel_rate_shopper\\vendor\\laravel\\framework\\src\\Illuminate\\Foundation\\Bootstrap\\HandleExceptions.php(255): Illuminate\\Foundation\\Bootstrap\\HandleExceptions->handleError(8192, 'Illuminate\\\\Supp...', 'C:\\\\Users\\\\Simon ...', 299)
#8 C:\\Users\\Simon Fox\\Herd\\rateshopper\\working copy\\laravel_rate_shopper\\vendor\\composer\\ClassLoader.php(576): Illuminate\\Foundation\\Bootstrap\\HandleExceptions->{closure:Illuminate\\Foundation\\Bootstrap\\HandleExceptions::forwardsTo():254}(8192, 'Illuminate\\\\Supp...', 'C:\\\\Users\\\\Simon ...', 299)
#9 C:\\Users\\Simon Fox\\Herd\\rateshopper\\working copy\\laravel_rate_shopper\\vendor\\composer\\ClassLoader.php(576): include('C:\\\\Users\\\\Simon ...')
#10 C:\\Users\\Simon Fox\\Herd\\rateshopper\\working copy\\laravel_rate_shopper\\vendor\\composer\\ClassLoader.php(427): {closure:Composer\\Autoload\\ClassLoader::initializeIncludeClosure():575}('C:\\\\Users\\\\Simon ...')
#11 C:\\Users\\Simon Fox\\Herd\\rateshopper\\working copy\\laravel_rate_shopper\\vendor\\laravel\\framework\\src\\Illuminate\\Collections\\Collection.php(22): Composer\\Autoload\\ClassLoader->loadClass('Illuminate\\\\Supp...')
#12 C:\\Users\\Simon Fox\\Herd\\rateshopper\\working copy\\laravel_rate_shopper\\vendor\\composer\\ClassLoader.php(576): include('C:\\\\Users\\\\Simon ...')
#13 C:\\Users\\Simon Fox\\Herd\\rateshopper\\working copy\\laravel_rate_shopper\\vendor\\composer\\ClassLoader.php(427): {closure:Composer\\Autoload\\ClassLoader::initializeIncludeClosure():575}('C:\\\\Users\\\\Simon ...')
#14 C:\\Users\\Simon Fox\\Herd\\rateshopper\\working copy\\laravel_rate_shopper\\vendor\\laravel\\framework\\src\\Illuminate\\Collections\\helpers.php(18): Composer\\Autoload\\ClassLoader->loadClass('Illuminate\\\\Supp...')
#15 C:\\Users\\Simon Fox\\Herd\\rateshopper\\working copy\\laravel_rate_shopper\\vendor\\laravel\\framework\\src\\Illuminate\\Foundation\\PackageManifest.php(131): collect(Array)
#16 C:\\Users\\Simon Fox\\Herd\\rateshopper\\working copy\\laravel_rate_shopper\\vendor\\laravel\\framework\\src\\Illuminate\\Foundation\\PackageManifest.php(107): Illuminate\\Foundation\\PackageManifest->build()
#17 C:\\Users\\Simon Fox\\Herd\\rateshopper\\working copy\\laravel_rate_shopper\\vendor\\laravel\\framework\\src\\Illuminate\\Foundation\\PackageManifest.php(90): Illuminate\\Foundation\\PackageManifest->getManifest()
#18 C:\\Users\\Simon Fox\\Herd\\rateshopper\\working copy\\laravel_rate_shopper\\vendor\\laravel\\framework\\src\\Illuminate\\Foundation\\PackageManifest.php(79): Illuminate\\Foundation\\PackageManifest->config('aliases')
#19 C:\\Users\\Simon Fox\\Herd\\rateshopper\\working copy\\laravel_rate_shopper\\vendor\\laravel\\framework\\src\\Illuminate\\Foundation\\Bootstrap\\RegisterFacades.php(26): Illuminate\\Foundation\\PackageManifest->aliases()
#20 C:\\Users\\Simon Fox\\Herd\\rateshopper\\working copy\\laravel_rate_shopper\\vendor\\laravel\\framework\\src\\Illuminate\\Foundation\\Application.php(263): Illuminate\\Foundation\\Bootstrap\\RegisterFacades->bootstrap(Object(Illuminate\\Foundation\\Application))
#21 C:\\Users\\Simon Fox\\Herd\\rateshopper\\working copy\\laravel_rate_shopper\\vendor\\laravel\\framework\\src\\Illuminate\\Foundation\\Console\\Kernel.php(447): Illuminate\\Foundation\\Application->bootstrapWith(Array)
#22 C:\\Users\\Simon Fox\\Herd\\rateshopper\\working copy\\laravel_rate_shopper\\vendor\\laravel\\framework\\src\\Illuminate\\Foundation\\Console\\Kernel.php(199): Illuminate\\Foundation\\Console\\Kernel->bootstrap()
#23 C:\\Users\\Simon Fox\\Herd\\rateshopper\\working copy\\laravel_rate_shopper\\artisan(35): Illuminate\\Foundation\\Console\\Kernel->handle(Object(Symfony\\Component\\Console\\Input\\ArgvInput), Object(Symfony\\Component\\Console\\Output\\ConsoleOutput))
#24 {main}
"} 
[2026-08-13 16:09:55] laravel.WARNING: Illuminate\Support\Enumerable::filter(): Implicitly marking parameter $callback as nullable is deprecated, the explicit nullable type must be used instead in C:\Users\Simon Fox\Herd\rateshopper\working copy\laravel_rate_shopper\vendor\laravel\framework\src\Illuminate\Collections\Enumerable.php on line 299  
[2026-08-13 16:09:55] laravel.EMERGENCY: Unable to create configured logger. Using emergency logger. {"exception":"[object] (Error(code: 0): Class \"Illuminate\\Support\\Collection\" not found at C:\\Users\\Simon Fox\\Herd\\rateshopper\\working copy\\laravel_rate_shopper\\vendor\\laravel\\framework\\src\\Illuminate\\Collections\\helpers.php:18)
[stacktrace]
#0 C:\\Users\\Simon Fox\\Herd\\rateshopper\\working copy\\laravel_rate_shopper\\vendor\\laravel\\framework\\src\\Illuminate\\Log\\LogManager.php(389): collect(Array)
#1 C:\\Users\\Simon Fox\\Herd\\rateshopper\\working copy\\laravel_rate_shopper\\vendor\\laravel\\framework\\src\\Illuminate\\Log\\LogManager.php(222): Illuminate\\Log\\LogManager->createMonologDriver(Array)
#2 C:\\Users\\Simon Fox\\Herd\\rateshopper\\working copy\\laravel_rate_shopper\\vendor\\laravel\\framework\\src\\Illuminate\\Log\\LogManager.php(137): Illuminate\\Log\\LogManager->resolve('deprecations', Array)
#3 C:\\Users\\Simon Fox\\Herd\\rateshopper\\working copy\\laravel_rate_shopper\\vendor\\laravel\\framework\\src\\Illuminate\\Log\\LogManager.php(124): Illuminate\\Log\\LogManager->get('deprecations')
#4 C:\\Users\\Simon Fox\\Herd\\rateshopper\\working copy\\laravel_rate_shopper\\vendor\\laravel\\framework\\src\\Illuminate\\Log\\LogManager.php(113): Illuminate\\Log\\LogManager->driver('deprecations')
#5 C:\\Users\\Simon Fox\\Herd\\rateshopper\\working copy\\laravel_rate_shopper\\vendor\\laravel\\framework\\src\\Illuminate\\Foundation\\Bootstrap\\HandleExceptions.php(102): Illuminate\\Log\\LogManager->channel('deprecations')
#6 C:\\Users\\Simon Fox\\Herd\\rateshopper\\working copy\\laravel_rate_shopper\\vendor\\laravel\\framework\\src\\Illuminate\\Foundation\\Bootstrap\\HandleExceptions.php(71): Illuminate\\Foundation\\Bootstrap\\HandleExceptions->handleDeprecationError('Illuminate\\\\Supp...', 'C:\\\\Users\\\\Simon ...', 311, 8192)
#7 C:\\Users\\Simon Fox\\Herd\\rateshopper\\working copy\\laravel_rate_shopper\\vendor\\laravel\\framework\\src\\Illuminate\\Foundation\\Bootstrap\\HandleExceptions.php(255): Illuminate\\Foundation\\Bootstrap\\HandleExceptions->handleError(8192, 'Illuminate\\\\Supp...', 'C:\\\\Users\\\\Simon ...', 311)
#8 C:\\Users\\Simon Fox\\Herd\\rateshopper\\working copy\\laravel_rate_shopper\\vendor\\composer\\ClassLoader.php(576): Illuminate\\Foundation\\Bootstrap\\HandleExceptions->{closure:Illuminate\\Foundation\\Bootstrap\\HandleExceptions::forwardsTo():254}(8192, 'Illuminate\\\\Supp...', 'C:\\\\Users\\\\Simon ...', 311)
#9 C:\\Users\\Simon Fox\\Herd\\rateshopper\\working copy\\laravel_rate_shopper\\vendor\\composer\\ClassLoader.php(576): include('C:\\\\Users\\\\Simon ...')
#10 C:\\Users\\Simon Fox\\Herd\\rateshopper\\working copy\\laravel_rate_shopper\\vendor\\composer\\ClassLoader.php(427): {closure:Composer\\Autoload\\ClassLoader::initializeIncludeClosure():575}('C:\\\\Users\\\\Simon ...')
#11 C:\\Users\\Simon Fox\\Herd\\rateshopper\\working copy\\laravel_rate_shopper\\vendor\\laravel\\framework\\src\\Illuminate\\Collections\\Collection.php(22): Composer\\Autoload\\ClassLoader->loadClass('Illuminate\\\\Supp...')
#12 C:\\Users\\Simon Fox\\Herd\\rateshopper\\working copy\\laravel_rate_shopper\\vendor\\composer\\ClassLoader.php(576): include('C:\\\\Users\\\\Simon ...')
#13 C:\\Users\\Simon Fox\\Herd\\rateshopper\\working copy\\laravel_rate_shopper\\vendor\\composer\\ClassLoader.php(427): {closure:Composer\\Autoload\\ClassLoader::initializeIncludeClosure():575}('C:\\\\Users\\\\Simon ...')
#14 C:\\Users\\Simon Fox\\Herd\\rateshopper\\working copy\\laravel_rate_shopper\\vendor\\laravel\\framework\\src\\Illuminate\\Collections\\helpers.php(18): Composer\\Autoload\\ClassLoader->loadClass('Illuminate\\\\Supp...')
#15 C:\\Users\\Simon Fox\\Herd\\rateshopper\\working copy\\laravel_rate_shopper\\vendor\\laravel\\framework\\src\\Illuminate\\Foundation\\PackageManifest.php(131): collect(Array)
#16 C:\\Users\\Simon Fox\\Herd\\rateshopper\\working copy\\laravel_rate_shopper\\vendor\\laravel\\framework\\src\\Illuminate\\Foundation\\PackageManifest.php(107): Illuminate\\Foundation\\PackageManifest->build()
#17 C:\\Users\\Simon Fox\\Herd\\rateshopper\\working copy\\laravel_rate_shopper\\vendor\\laravel\\framework\\src\\Illuminate\\Foundation\\PackageManifest.php(90): Illuminate\\Foundation\\PackageManifest->getManifest()
#18 C:\\Users\\Simon Fox\\Herd\\rateshopper\\working copy\\laravel_rate_shopper\\vendor\\laravel\\framework\\src\\Illuminate\\Foundation\\PackageManifest.php(79): Illuminate\\Foundation\\PackageManifest->config('aliases')
#19 C:\\Users\\Simon Fox\\Herd\\rateshopper\\working copy\\laravel_rate_shopper\\vendor\\laravel\\framework\\src\\Illuminate\\Foundation\\Bootstrap\\RegisterFacades.php(26): Illuminate\\Foundation\\PackageManifest->aliases()
#20 C:\\Users\\Simon Fox\\Herd\\rateshopper\\working copy\\laravel_rate_shopper\\vendor\\laravel\\framework\\src\\Illuminate\\Foundation\\Application.php(263): Illuminate\\Foundation\\Bootstrap\\RegisterFacades->bootstrap(Object(Illuminate\\Foundation\\Application))
#21 C:\\Users\\Simon Fox\\Herd\\rateshopper\\working copy\\laravel_rate_shopper\\vendor\\laravel\\framework\\src\\Illuminate\\Foundation\\Console\\Kernel.php(447): Illuminate\\Foundation\\Application->bootstrapWith(Array)
#22 C:\\Users\\Simon Fox\\Herd\\rateshopper\\working copy\\laravel_rate_shopper\\vendor\\laravel\\framework\\src\\Illuminate\\Foundation\\Console\\Kernel.php(199): Illuminate\\Foundation\\Console\\Kernel->bootstrap()
#23 C:\\Users\\Simon Fox\\Herd\\rateshopper\\working copy\\laravel_rate_shopper\\artisan(35): Illuminate\\Foundation\\Console\\Kernel->handle(Object(Symfony\\Component\\Console\\Input\\ArgvInput), Object(Symfony\\Component\\Console\\Output\\ConsoleOutput))
#24 {main}
"} 
[2026-08-13 16:09:55] laravel.WARNING: Illuminate\Support\Enumerable::when(): Implicitly marking parameter $callback as nullable is deprecated, the explicit nullable type must be used instead in C:\Users\Simon Fox\Herd\rateshopper\working copy\laravel_rate_shopper\vendor\laravel\framework\src\Illuminate\Collections\Enumerable.php on line 311  
[2026-08-13 16:09:55] laravel.EMERGENCY: Unable to create configured logger. Using emergency logger. {"exception":"[object] (Error(code: 0): Class \"Illuminate\\Support\\Collection\" not found at C:\\Users\\Simon Fox\\Herd\\rateshopper\\working copy\\laravel_rate_shopper\\vendor\\laravel\\framework\\src\\Illuminate\\Collections\\helpers.php:18)
[stacktrace]
#0 C:\\Users\\Simon Fox\\Herd\\rateshopper\\working copy\\laravel_rate_shopper\\vendor\\laravel\\framework\\src\\Illuminate\\Log\\LogManager.php(389): collect(Array)
#1 C:\\Users\\Simon Fox\\Herd\\rateshopper\\working copy\\laravel_rate_shopper\\vendor\\laravel\\framework\\src\\Illuminate\\Log\\LogManager.php(222): Illuminate\\Log\\LogManager->createMonologDriver(Array)
#2 C:\\Users\\Simon Fox\\Herd\\rateshopper\\working copy\\laravel_rate_shopper\\vendor\\laravel\\framework\\src\\Illuminate\\Log\\LogManager.php(137): Illuminate\\Log\\LogManager->resolve('deprecations', Array)
#3 C:\\Users\\Simon Fox\\Herd\\rateshopper\\working copy\\laravel_rate_shopper\\vendor\\laravel\\framework\\src\\Illuminate\\Log\\LogManager.php(124): Illuminate\\Log\\LogManager->get('deprecations')
#4 C:\\Users\\Simon Fox\\Herd\\rateshopper\\working copy\\laravel_rate_shopper\\vendor\\laravel\\framework\\src\\Illuminate\\Log\\LogManager.php(113): Illuminate\\Log\\LogManager->driver('deprecations')
#5 C:\\Users\\Simon Fox\\Herd\\rateshopper\\working copy\\laravel_rate_shopper\\vendor\\laravel\\framework\\src\\Illuminate\\Foundation\\Bootstrap\\HandleExceptions.php(102): Illuminate\\Log\\LogManager->channel('deprecations')
#6 C:\\Users\\Simon Fox\\Herd\\rateshopper\\working copy\\laravel_rate_shopper\\vendor\\laravel\\framework\\src\\Illuminate\\Foundation\\Bootstrap\\HandleExceptions.php(71): Illuminate\\Foundation\\Bootstrap\\HandleExceptions->handleDeprecationError('Illuminate\\\\Supp...', 'C:\\\\Users\\\\Simon ...', 311, 8192)
#7 C:\\Users\\Simon Fox\\Herd\\rateshopper\\working copy\\laravel_rate_shopper\\vendor\\laravel\\framework\\src\\Illuminate\\Foundation\\Bootstrap\\HandleExceptions.php(255): Illuminate\\Foundation\\Bootstrap\\HandleExceptions->handleError(8192, 'Illuminate\\\\Supp...', 'C:\\\\Users\\\\Simon ...', 311)
#8 C:\\Users\\Simon Fox\\Herd\\rateshopper\\working copy\\laravel_rate_shopper\\vendor\\composer\\ClassLoader.php(576): Illuminate\\Foundation\\Bootstrap\\HandleExceptions->{closure:Illuminate\\Foundation\\Bootstrap\\HandleExceptions::forwardsTo():254}(8192, 'Illuminate\\\\Supp...', 'C:\\\\Users\\\\Simon ...', 311)
#9 C:\\Users\\Simon Fox\\Herd\\rateshopper\\working copy\\laravel_rate_shopper\\vendor\\composer\\ClassLoader.php(576): include('C:\\\\Users\\\\Simon ...')
#10 C:\\Users\\Simon Fox\\Herd\\rateshopper\\working copy\\laravel_rate_shopper\\vendor\\composer\\ClassLoader.php(427): {closure:Composer\\Autoload\\ClassLoader::initializeIncludeClosure():575}('C:\\\\Users\\\\Simon ...')
#11 C:\\Users\\Simon Fox\\Herd\\rateshopper\\working copy\\laravel_rate_shopper\\vendor\\laravel\\framework\\src\\Illuminate\\Collections\\Collection.php(22): Composer\\Autoload\\ClassLoader->loadClass('Illuminate\\\\Supp...')
#12 C:\\Users\\Simon Fox\\Herd\\rateshopper\\working copy\\laravel_rate_shopper\\vendor\\composer\\ClassLoader.php(576): include('C:\\\\Users\\\\Simon ...')
#13 C:\\Users\\Simon Fox\\Herd\\rateshopper\\working copy\\laravel_rate_shopper\\vendor\\composer\\ClassLoader.php(427): {closure:Composer\\Autoload\\ClassLoader::initializeIncludeClosure():575}('C:\\\\Users\\\\Simon ...')
#14 C:\\Users\\Simon Fox\\Herd\\rateshopper\\working copy\\laravel_rate_shopper\\vendor\\laravel\\framework\\src\\Illuminate\\Collections\\helpers.php(18): Composer\\Autoload\\ClassLoader->loadClass('Illuminate\\\\Supp...')
#15 C:\\Users\\Simon Fox\\Herd\\rateshopper\\working copy\\laravel_rate_shopper\\vendor\\laravel\\framework\\src\\Illuminate\\Foundation\\PackageManifest.php(131): collect(Array)
#16 C:\\Users\\Simon Fox\\Herd\\rateshopper\\working copy\\laravel_rate_shopper\\vendor\\laravel\\framework\\src\\Illuminate\\Foundation\\PackageManifest.php(107): Illuminate\\Foundation\\PackageManifest->build()
#17 C:\\Users\\Simon Fox\\Herd\\rateshopper\\working copy\\laravel_rate_shopper\\vendor\\laravel\\framework\\src\\Illuminate\\Foundation\\PackageManifest.php(90): Illuminate\\Foundation\\PackageManifest->getManifest()
#18 C:\\Users\\Simon Fox\\Herd\\rateshopper\\working copy\\laravel_rate_shopper\\vendor\\laravel\\framework\\src\\Illuminate\\Foundation\\PackageManifest.php(79): Illuminate\\Foundation\\PackageManifest->config('aliases')
#19 C:\\Users\\Simon Fox\\Herd\\rateshopper\\working copy\\laravel_rate_shopper\\vendor\\laravel\\framework\\src\\Illuminate\\Foundation\\Bootstrap\\RegisterFacades.php(26): Illuminate\\Foundation\\PackageManifest->aliases()
#20 C:\\Users\\Simon Fox\\Herd\\rateshopper\\working copy\\laravel_rate_shopper\\vendor\\laravel\\framework\\src\\Illuminate\\Foundation\\Application.php(263): Illuminate\\Foundation\\Bootstrap\\RegisterFacades->bootstrap(Object(Illuminate\\Foundation\\Application))
#21 C:\\Users\\Simon Fox\\Herd\\rateshopper\\working copy\\laravel_rate_shopper\\vendor\\laravel\\framework\\src\\Illuminate\\Foundation\\Console\\Kernel.php(447): Illuminate\\Foundation\\Application->bootstrapWith(Array)
#22 C:\\Users\\Simon Fox\\Herd\\rateshopper\\working copy\\laravel_rate_shopper\\vendor\\laravel\\framework\\src\\Illuminate\\Foundation\\Console\\Kernel.php(199): Illuminate\\Foundation\\Console\\Kernel->bootstrap()
#23 C:\\Users\\Simon Fox\\Herd\\rateshopper\\working copy\\laravel_rate_shopper\\artisan(35): Illuminate\\Foundation\\Console\\Kernel->handle(Object(Symfony\\Component\\Console\\Input\\ArgvInput), Object(Symfony\\Component\\Console\\Output\\ConsoleOutput))
#24 {main}
"} 
[2026-08-13 16:09:55] laravel.WARNING: Illuminate\Support\Enumerable::when(): Implicitly marking parameter $default as nullable is deprecated, the explicit nullable type must be used instead in C:\Users\Simon Fox\Herd\rateshopper\working copy\laravel_rate_shopper\vendor\laravel\framework\src\Illuminate\Collections\Enumerable.php on line 311  
[2026-08-13 16:09:55] laravel.EMERGENCY: Unable to create configured logger. Using emergency logger. {"exception":"[object] (Error(code: 0): Class \"Illuminate\\Support\\Collection\" not found at C:\\Users\\Simon Fox\\Herd\\rateshopper\\working copy\\laravel_rate_shopper\\vendor\\laravel\\framework\\src\\Illuminate\\Collections\\helpers.php:18)
[stacktrace]
#0 C:\\Users\\Simon Fox\\Herd\\rateshopper\\working copy\\laravel_rate_shopper\\vendor\\laravel\\framework\\src\\Illuminate\\Log\\LogManager.php(389): collect(Array)
#1 C:\\Users\\Simon Fox\\Herd\\rateshopper\\working copy\\laravel_rate_shopper\\vendor\\laravel\\framework\\src\\Illuminate\\Log\\LogManager.php(222): Illuminate\\Log\\LogManager->createMonologDriver(Array)
#2 C:\\Users\\Simon Fox\\Herd\\rateshopper\\working copy\\laravel_rate_shopper\\vendor\\laravel\\framework\\src\\Illuminate\\Log\\LogManager.php(137): Illuminate\\Log\\LogManager->resolve('deprecations', Array)
#3 C:\\Users\\Simon Fox\\Herd\\rateshopper\\working copy\\laravel_rate_shopper\\vendor\\laravel\\framework\\src\\Illuminate\\Log\\LogManager.php(124): Illuminate\\Log\\LogManager->get('deprecations')
#4 C:\\Users\\Simon Fox\\Herd\\rateshopper\\working copy\\laravel_rate_shopper\\vendor\\laravel\\framework\\src\\Illuminate\\Log\\LogManager.php(113): Illuminate\\Log\\LogManager->driver('deprecations')
#5 C:\\Users\\Simon Fox\\Herd\\rateshopper\\working copy\\laravel_rate_shopper\\vendor\\laravel\\framework\\src\\Illuminate\\Foundation\\Bootstrap\\HandleExceptions.php(102): Illuminate\\Log\\LogManager->channel('deprecations')
#6 C:\\Users\\Simon Fox\\Herd\\rateshopper\\working copy\\laravel_rate_shopper\\vendor\\laravel\\framework\\src\\Illuminate\\Foundation\\Bootstrap\\HandleExceptions.php(71): Illuminate\\Foundation\\Bootstrap\\HandleExceptions->handleDeprecationError('Illuminate\\\\Supp...', 'C:\\\\Users\\\\Simon ...', 322, 8192)
#7 C:\\Users\\Simon Fox\\Herd\\rateshopper\\working copy\\laravel_rate_shopper\\vendor\\laravel\\framework\\src\\Illuminate\\Foundation\\Bootstrap\\HandleExceptions.php(255): Illuminate\\Foundation\\Bootstrap\\HandleExceptions->handleError(8192, 'Illuminate\\\\Supp...', 'C:\\\\Users\\\\Simon ...', 322)
#8 C:\\Users\\Simon Fox\\Herd\\rateshopper\\working copy\\laravel_rate_shopper\\vendor\\composer\\ClassLoader.php(576): Illuminate\\Foundation\\Bootstrap\\HandleExceptions->{closure:Illuminate\\Foundation\\Bootstrap\\HandleExceptions::forwardsTo():254}(8192, 'Illuminate\\\\Supp...', 'C:\\\\Users\\\\Simon ...', 322)
#9 C:\\Users\\Simon Fox\\Herd\\rateshopper\\working copy\\laravel_rate_shopper\\vendor\\composer\\ClassLoader.php(576): include('C:\\\\Users\\\\Simon ...')
#10 C:\\Users\\Simon Fox\\Herd\\rateshopper\\working copy\\laravel_rate_shopper\\vendor\\composer\\ClassLoader.php(427): {closure:Composer\\Autoload\\ClassLoader::initializeIncludeClosure():575}('C:\\\\Users\\\\Simon ...')
#11 C:\\Users\\Simon Fox\\Herd\\rateshopper\\working copy\\laravel_rate_shopper\\vendor\\laravel\\framework\\src\\Illuminate\\Collections\\Collection.php(22): Composer\\Autoload\\ClassLoader->loadClass('Illuminate\\\\Supp...')
#12 C:\\Users\\Simon Fox\\Herd\\rateshopper\\working copy\\laravel_rate_shopper\\vendor\\composer\\ClassLoader.php(576): include('C:\\\\Users\\\\Simon ...')
#13 C:\\Users\\Simon Fox\\Herd\\rateshopper\\working copy\\laravel_rate_shopper\\vendor\\composer\\ClassLoader.php(427): {closure:Composer\\Autoload\\ClassLoader::initializeIncludeClosure():575}('C:\\\\Users\\\\Simon ...')
#14 C:\\Users\\Simon Fox\\Herd\\rateshopper\\working copy\\laravel_rate_shopper\\vendor\\laravel\\framework\\src\\Illuminate\\Collections\\helpers.php(18): Composer\\Autoload\\ClassLoader->loadClass('Illuminate\\\\Supp...')
#15 C:\\Users\\Simon Fox\\Herd\\rateshopper\\working copy\\laravel_rate_shopper\\vendor\\laravel\\framework\\src\\Illuminate\\Foundation\\PackageManifest.php(131): collect(Array)
#16 C:\\Users\\Simon Fox\\Herd\\rateshopper\\working copy\\laravel_rate_shopper\\vendor\\laravel\\framework\\src\\Illuminate\\Foundation\\PackageManifest.php(107): Illuminate\\Foundation\\PackageManifest->build()
#17 C:\\Users\\Simon Fox\\Herd\\rateshopper\\working copy\\laravel_rate_shopper\\vendor\\laravel\\framework\\src\\Illuminate\\Foundation\\PackageManifest.php(90): Illuminate\\Foundation\\PackageManifest->getManifest()
#18 C:\\Users\\Simon Fox\\Herd\\rateshopper\\working copy\\laravel_rate_shopper\\vendor\\laravel\\framework\\src\\Illuminate\\Foundation\\PackageManifest.php(79): Illuminate\\Foundation\\PackageManifest->config('aliases')
#19 C:\\Users\\Simon Fox\\Herd\\rateshopper\\working copy\\laravel_rate_shopper\\vendor\\laravel\\framework\\src\\Illuminate\\Foundation\\Bootstrap\\RegisterFacades.php(26): Illuminate\\Foundation\\PackageManifest->aliases()
#20 C:\\Users\\Simon Fox\\Herd\\rateshopper\\working copy\\laravel_rate_shopper\\vendor\\laravel\\framework\\src\\Illuminate\\Foundation\\Application.php(263): Illuminate\\Foundation\\Bootstrap\\RegisterFacades->bootstrap(Object(Illuminate\\Foundation\\Application))
#21 C:\\Users\\Simon Fox\\Herd\\rateshopper\\working copy\\laravel_rate_shopper\\vendor\\laravel\\framework\\src\\Illuminate\\Foundation\\Console\\Kernel.php(447): Illuminate\\Foundation\\Application->bootstrapWith(Array)
#22 C:\\Users\\Simon Fox\\Herd\\rateshopper\\working copy\\laravel_rate_shopper\\vendor\\laravel\\framework\\src\\Illuminate\\Foundation\\Console\\Kernel.php(199): Illuminate\\Foundation\\Console\\Kernel->bootstrap()
#23 C:\\Users\\Simon Fox\\Herd\\rateshopper\\working copy\\laravel_rate_shopper\\artisan(35): Illuminate\\Foundation\\Console\\Kernel->handle(Object(Symfony\\Component\\Console\\Input\\ArgvInput), Object(Symfony\\Component\\Console\\Output\\ConsoleOutput))
#24 {main}
"} 
[2026-08-13 16:09:55] laravel.WARNING: Illuminate\Support\Enumerable::whenEmpty(): Implicitly marking parameter $default as nullable is deprecated, the explicit nullable type must be used instead in C:\Users\Simon Fox\Herd\rateshopper\working copy\laravel_rate_shopper\vendor\laravel\framework\src\Illuminate\Collections\Enumerable.php on line 322  
[2026-08-13 16:09:55] laravel.EMERGENCY: Unable to create configured logger. Using emergency logger. {"exception":"[object] (Error(code: 0): Class \"Illuminate\\Support\\Collection\" not found at C:\\Users\\Simon Fox\\Herd\\rateshopper\\working copy\\laravel_rate_shopper\\vendor\\laravel\\framework\\src\\Illuminate\\Collections\\helpers.php:18)
[stacktrace]
#0 C:\\Users\\Simon Fox\\Herd\\rateshopper\\working copy\\laravel_rate_shopper\\vendor\\laravel\\framework\\src\\Illuminate\\Log\\LogManager.php(389): collect(Array)
#1 C:\\Users\\Simon Fox\\Herd\\rateshopper\\working copy\\laravel_rate_shopper\\vendor\\laravel\\framework\\src\\Illuminate\\Log\\LogManager.php(222): Illuminate\\Log\\LogManager->createMonologDriver(Array)
#2 C:\\Users\\Simon Fox\\Herd\\rateshopper\\working copy\\laravel_rate_shopper\\vendor\\laravel\\framework\\src\\Illuminate\\Log\\LogManager.php(137): Illuminate\\Log\\LogManager->resolve('deprecations', Array)
#3 C:\\Users\\Simon Fox\\Herd\\rateshopper\\working copy\\laravel_rate_shopper\\vendor\\laravel\\framework\\src\\Illuminate\\Log\\LogManager.php(124): Illuminate\\Log\\LogManager->get('deprecations')
#4 C:\\Users\\Simon Fox\\Herd\\rateshopper\\working copy\\laravel_rate_shopper\\vendor\\laravel\\framework\\src\\Illuminate\\Log\\LogManager.php(113): Illuminate\\Log\\LogManager->driver('deprecations')
#5 C:\\Users\\Simon Fox\\Herd\\rateshopper\\working copy\\laravel_rate_shopper\\vendor\\laravel\\framework\\src\\Illuminate\\Foundation\\Bootstrap\\HandleExceptions.php(102): Illuminate\\Log\\LogManager->channel('deprecations')
#6 C:\\Users\\Simon Fox\\Herd\\rateshopper\\working copy\\laravel_rate_shopper\\vendor\\laravel\\framework\\src\\Illuminate\\Foundation\\Bootstrap\\HandleExceptions.php(71): Illuminate\\Foundation\\Bootstrap\\HandleExceptions->handleDeprecationError('Illuminate\\\\Supp...', 'C:\\\\Users\\\\Simon ...', 333, 8192)
#7 C:\\Users\\Simon Fox\\Herd\\rateshopper\\working copy\\laravel_rate_shopper\\vendor\\laravel\\framework\\src\\Illuminate\\Foundation\\Bootstrap\\HandleExceptions.php(255): Illuminate\\Foundation\\Bootstrap\\HandleExceptions->handleError(8192, 'Illuminate\\\\Supp...', 'C:\\\\Users\\\\Simon ...', 333)
#8 C:\\Users\\Simon Fox\\Herd\\rateshopper\\working copy\\laravel_rate_shopper\\vendor\\composer\\ClassLoader.php(576): Illuminate\\Foundation\\Bootstrap\\HandleExceptions->{closure:Illuminate\\Foundation\\Bootstrap\\HandleExceptions::forwardsTo():254}(8192, 'Illuminate\\\\Supp...', 'C:\\\\Users\\\\Simon ...', 333)
#9 C:\\Users\\Simon Fox\\Herd\\rateshopper\\working copy\\laravel_rate_shopper\\vendor\\composer\\ClassLoader.php(576): include('C:\\\\Users\\\\Simon ...')
#10 C:\\Users\\Simon Fox\\Herd\\rateshopper\\working copy\\laravel_rate_shopper\\vendor\\composer\\ClassLoader.php(427): {closure:Composer\\Autoload\\ClassLoader::initializeIncludeClosure():575}('C:\\\\Users\\\\Simon ...')
#11 C:\\Users\\Simon Fox\\Herd\\rateshopper\\working copy\\laravel_rate_shopper\\vendor\\laravel\\framework\\src\\Illuminate\\Collections\\Collection.php(22): Composer\\Autoload\\ClassLoader->loadClass('Illuminate\\\\Supp...')
#12 C:\\Users\\Simon Fox\\Herd\\rateshopper\\working copy\\laravel_rate_shopper\\vendor\\composer\\ClassLoader.php(576): include('C:\\\\Users\\\\Simon ...')
#13 C:\\Users\\Simon Fox\\Herd\\rateshopper\\working copy\\laravel_rate_shopper\\vendor\\composer\\ClassLoader.php(427): {closure:Composer\\Autoload\\ClassLoader::initializeIncludeClosure():575}('C:\\\\Users\\\\Simon ...')
#14 C:\\Users\\Simon Fox\\Herd\\rateshopper\\working copy\\laravel_rate_shopper\\vendor\\laravel\\framework\\src\\Illuminate\\Collections\\helpers.php(18): Composer\\Autoload\\ClassLoader->loadClass('Illuminate\\\\Supp...')
#15 C:\\Users\\Simon Fox\\Herd\\rateshopper\\working copy\\laravel_rate_shopper\\vendor\\laravel\\framework\\src\\Illuminate\\Foundation\\PackageManifest.php(131): collect(Array)
#16 C:\\Users\\Simon Fox\\Herd\\rateshopper\\working copy\\laravel_rate_shopper\\vendor\\laravel\\framework\\src\\Illuminate\\Foundation\\PackageManifest.php(107): Illuminate\\Foundation\\PackageManifest->build()
#17 C:\\Users\\Simon Fox\\Herd\\rateshopper\\working copy\\laravel_rate_shopper\\vendor\\laravel\\framework\\src\\Illuminate\\Foundation\\PackageManifest.php(90): Illuminate\\Foundation\\PackageManifest->getManifest()
#18 C:\\Users\\Simon Fox\\Herd\\rateshopper\\working copy\\laravel_rate_shopper\\vendor\\laravel\\framework\\src\\Illuminate\\Foundation\\PackageManifest.php(79): Illuminate\\Foundation\\PackageManifest->config('aliases')
#19 C:\\Users\\Simon Fox\\Herd\\rateshopper\\working copy\\laravel_rate_shopper\\vendor\\laravel\\framework\\src\\Illuminate\\Foundation\\Bootstrap\\RegisterFacades.php(26): Illuminate\\Foundation\\PackageManifest->aliases()
#20 C:\\Users\\Simon Fox\\Herd\\rateshopper\\working copy\\laravel_rate_shopper\\vendor\\laravel\\framework\\src\\Illuminate\\Foundation\\Application.php(263): Illuminate\\Foundation\\Bootstrap\\RegisterFacades->bootstrap(Object(Illuminate\\Foundation\\Application))
#21 C:\\Users\\Simon Fox\\Herd\\rateshopper\\working copy\\laravel_rate_shopper\\vendor\\laravel\\framework\\src\\Illuminate\\Foundation\\Console\\Kernel.php(447): Illuminate\\Foundation\\Application->bootstrapWith(Array)
#22 C:\\Users\\Simon Fox\\Herd\\rateshopper\\working copy\\laravel_rate_shopper\\vendor\\laravel\\framework\\src\\Illuminate\\Foundation\\Console\\Kernel.php(199): Illuminate\\Foundation\\Console\\Kernel->bootstrap()
#23 C:\\Users\\Simon Fox\\Herd\\rateshopper\\working copy\\laravel_rate_shopper\\artisan(35): Illuminate\\Foundation\\Console\\Kernel->handle(Object(Symfony\\Component\\Console\\Input\\ArgvInput), Object(Symfony\\Component\\Console\\Output\\ConsoleOutput))
#24 {main}
"} 
[2026-08-13 16:09:55] laravel.WARNING: Illuminate\Support\Enumerable::whenNotEmpty(): Implicitly marking parameter $default as nullable is deprecated, the explicit nullable type must be used instead in C:\Users\Simon Fox\Herd\rateshopper\working copy\laravel_rate_shopper\vendor\laravel\framework\src\Illuminate\Collections\Enumerable.php on line 333  
[2026-08-13 16:09:55] laravel.EMERGENCY: Unable to create configured logger. Using emergency logger. {"exception":"[object] (Error(code: 0): Class \"Illuminate\\Support\\Collection\" not found at C:\\Users\\Simon Fox\\Herd\\rateshopper\\working copy\\laravel_rate_shopper\\vendor\\laravel\\framework\\src\\Illuminate\\Collections\\helpers.php:18)
[stacktrace]
#0 C:\\Users\\Simon Fox\\Herd\\rateshopper\\working copy\\laravel_rate_shopper\\vendor\\laravel\\framework\\src\\Illuminate\\Log\\LogManager.php(389): collect(Array)
#1 C:\\Users\\Simon Fox\\Herd\\rateshopper\\working copy\\laravel_rate_shopper\\vendor\\laravel\\framework\\src\\Illuminate\\Log\\LogManager.php(222): Illuminate\\Log\\LogManager->createMonologDriver(Array)
#2 C:\\Users\\Simon Fox\\Herd\\rateshopper\\working copy\\laravel_rate_shopper\\vendor\\laravel\\framework\\src\\Illuminate\\Log\\LogManager.php(137): Illuminate\\Log\\LogManager->resolve('deprecations', Array)
#3 C:\\Users\\Simon Fox\\Herd\\rateshopper\\working copy\\laravel_rate_shopper\\vendor\\laravel\\framework\\src\\Illuminate\\Log\\LogManager.php(124): Illuminate\\Log\\LogManager->get('deprecations')
#4 C:\\Users\\Simon Fox\\Herd\\rateshopper\\working copy\\laravel_rate_shopper\\vendor\\laravel\\framework\\src\\Illuminate\\Log\\LogManager.php(113): Illuminate\\Log\\LogManager->driver('deprecations')
#5 C:\\Users\\Simon Fox\\Herd\\rateshopper\\working copy\\laravel_rate_shopper\\vendor\\laravel\\framework\\src\\Illuminate\\Foundation\\Bootstrap\\HandleExceptions.php(102): Illuminate\\Log\\LogManager->channel('deprecations')
#6 C:\\Users\\Simon Fox\\Herd\\rateshopper\\working copy\\laravel_rate_shopper\\vendor\\laravel\\framework\\src\\Illuminate\\Foundation\\Bootstrap\\HandleExceptions.php(71): Illuminate\\Foundation\\Bootstrap\\HandleExceptions->handleDeprecationError('Illuminate\\\\Supp...', 'C:\\\\Users\\\\Simon ...', 345, 8192)
#7 C:\\Users\\Simon Fox\\Herd\\rateshopper\\working copy\\laravel_rate_shopper\\vendor\\laravel\\framework\\src\\Illuminate\\Foundation\\Bootstrap\\HandleExceptions.php(255): Illuminate\\Foundation\\Bootstrap\\HandleExceptions->handleError(8192, 'Illuminate\\\\Supp...', 'C:\\\\Users\\\\Simon ...', 345)
#8 C:\\Users\\Simon Fox\\Herd\\rateshopper\\working copy\\laravel_rate_shopper\\vendor\\composer\\ClassLoader.php(576): Illuminate\\Foundation\\Bootstrap\\HandleExceptions->{closure:Illuminate\\Foundation\\Bootstrap\\HandleExceptions::forwardsTo():254}(8192, 'Illuminate\\\\Supp...', 'C:\\\\Users\\\\Simon ...', 345)
#9 C:\\Users\\Simon Fox\\Herd\\rateshopper\\working copy\\laravel_rate_shopper\\vendor\\composer\\ClassLoader.php(576): include('C:\\\\Users\\\\Simon ...')
#10 C:\\Users\\Simon Fox\\Herd\\rateshopper\\working copy\\laravel_rate_shopper\\vendor\\composer\\ClassLoader.php(427): {closure:Composer\\Autoload\\ClassLoader::initializeIncludeClosure():575}('C:\\\\Users\\\\Simon ...')
#11 C:\\Users\\Simon Fox\\Herd\\rateshopper\\working copy\\laravel_rate_shopper\\vendor\\laravel\\framework\\src\\Illuminate\\Collections\\Collection.php(22): Composer\\Autoload\\ClassLoader->loadClass('Illuminate\\\\Supp...')
#12 C:\\Users\\Simon Fox\\Herd\\rateshopper\\working copy\\laravel_rate_shopper\\vendor\\composer\\ClassLoader.php(576): include('C:\\\\Users\\\\Simon ...')
#13 C:\\Users\\Simon Fox\\Herd\\rateshopper\\working copy\\laravel_rate_shopper\\vendor\\composer\\ClassLoader.php(427): {closure:Composer\\Autoload\\ClassLoader::initializeIncludeClosure():575}('C:\\\\Users\\\\Simon ...')
#14 C:\\Users\\Simon Fox\\Herd\\rateshopper\\working copy\\laravel_rate_shopper\\vendor\\laravel\\framework\\src\\Illuminate\\Collections\\helpers.php(18): Composer\\Autoload\\ClassLoader->loadClass('Illuminate\\\\Supp...')
#15 C:\\Users\\Simon Fox\\Herd\\rateshopper\\working copy\\laravel_rate_shopper\\vendor\\laravel\\framework\\src\\Illuminate\\Foundation\\PackageManifest.php(131): collect(Array)
#16 C:\\Users\\Simon Fox\\Herd\\rateshopper\\working copy\\laravel_rate_shopper\\vendor\\laravel\\framework\\src\\Illuminate\\Foundation\\PackageManifest.php(107): Illuminate\\Foundation\\PackageManifest->build()
#17 C:\\Users\\Simon Fox\\Herd\\rateshopper\\working copy\\laravel_rate_shopper\\vendor\\laravel\\framework\\src\\Illuminate\\Foundation\\PackageManifest.php(90): Illuminate\\Foundation\\PackageManifest->getManifest()
#18 C:\\Users\\Simon Fox\\Herd\\rateshopper\\working copy\\laravel_rate_shopper\\vendor\\laravel\\framework\\src\\Illuminate\\Foundation\\PackageManifest.php(79): Illuminate\\Foundation\\PackageManifest->config('aliases')
#19 C:\\Users\\Simon Fox\\Herd\\rateshopper\\working copy\\laravel_rate_shopper\\vendor\\laravel\\framework\\src\\Illuminate\\Foundation\\Bootstrap\\RegisterFacades.php(26): Illuminate\\Foundation\\PackageManifest->aliases()
#20 C:\\Users\\Simon Fox\\Herd\\rateshopper\\working copy\\laravel_rate_shopper\\vendor\\laravel\\framework\\src\\Illuminate\\Foundation\\Application.php(263): Illuminate\\Foundation\\Bootstrap\\RegisterFacades->bootstrap(Object(Illuminate\\Foundation\\Application))
#21 C:\\Users\\Simon Fox\\Herd\\rateshopper\\working copy\\laravel_rate_shopper\\vendor\\laravel\\framework\\src\\Illuminate\\Foundation\\Console\\Kernel.php(447): Illuminate\\Foundation\\Application->bootstrapWith(Array)
#22 C:\\Users\\Simon Fox\\Herd\\rateshopper\\working copy\\laravel_rate_shopper\\vendor\\laravel\\framework\\src\\Illuminate\\Foundation\\Console\\Kernel.php(199): Illuminate\\Foundation\\Console\\Kernel->bootstrap()
#23 C:\\Users\\Simon Fox\\Herd\\rateshopper\\working copy\\laravel_rate_shopper\\artisan(35): Illuminate\\Foundation\\Console\\Kernel->handle(Object(Symfony\\Component\\Console\\Input\\ArgvInput), Object(Symfony\\Component\\Console\\Output\\ConsoleOutput))
#24 {main}
"} 
[2026-08-13 16:09:55] laravel.WARNING: Illuminate\Support\Enumerable::unless(): Implicitly marking parameter $default as nullable is deprecated, the explicit nullable type must be used instead in C:\Users\Simon Fox\Herd\rateshopper\working copy\laravel_rate_shopper\vendor\laravel\framework\src\Illuminate\Collections\Enumerable.php on line 345  
[2026-08-13 16:09:55] laravel.EMERGENCY: Unable to create configured logger. Using emergency logger. {"exception":"[object] (Error(code: 0): Class \"Illuminate\\Support\\Collection\" not found at C:\\Users\\Simon Fox\\Herd\\rateshopper\\working copy\\laravel_rate_shopper\\vendor\\laravel\\framework\\src\\Illuminate\\Collections\\helpers.php:18)
[stacktrace]
#0 C:\\Users\\Simon Fox\\Herd\\rateshopper\\working copy\\laravel_rate_shopper\\vendor\\laravel\\framework\\src\\Illuminate\\Log\\LogManager.php(389): collect(Array)
#1 C:\\Users\\Simon Fox\\Herd\\rateshopper\\working copy\\laravel_rate_shopper\\vendor\\laravel\\framework\\src\\Illuminate\\Log\\LogManager.php(222): Illuminate\\Log\\LogManager->createMonologDriver(Array)
#2 C:\\Users\\Simon Fox\\Herd\\rateshopper\\working copy\\laravel_rate_shopper\\vendor\\laravel\\framework\\src\\Illuminate\\Log\\LogManager.php(137): Illuminate\\Log\\LogManager->resolve('deprecations', Array)
#3 C:\\Users\\Simon Fox\\Herd\\rateshopper\\working copy\\laravel_rate_shopper\\vendor\\laravel\\framework\\src\\Illuminate\\Log\\LogManager.php(124): Illuminate\\Log\\LogManager->get('deprecations')
#4 C:\\Users\\Simon Fox\\Herd\\rateshopper\\working copy\\laravel_rate_shopper\\vendor\\laravel\\framework\\src\\Illuminate\\Log\\LogManager.php(113): Illuminate\\Log\\LogManager->driver('deprecations')
#5 C:\\Users\\Simon Fox\\Herd\\rateshopper\\working copy\\laravel_rate_shopper\\vendor\\laravel\\framework\\src\\Illuminate\\Foundation\\Bootstrap\\HandleExceptions.php(102): Illuminate\\Log\\LogManager->channel('deprecations')
#6 C:\\Users\\Simon Fox\\Herd\\rateshopper\\working copy\\laravel_rate_shopper\\vendor\\laravel\\framework\\src\\Illuminate\\Foundation\\Bootstrap\\HandleExceptions.php(71): Illuminate\\Foundation\\Bootstrap\\HandleExceptions->handleDeprecationError('Illuminate\\\\Supp...', 'C:\\\\Users\\\\Simon ...', 356, 8192)
#7 C:\\Users\\Simon Fox\\Herd\\rateshopper\\working copy\\laravel_rate_shopper\\vendor\\laravel\\framework\\src\\Illuminate\\Foundation\\Bootstrap\\HandleExceptions.php(255): Illuminate\\Foundation\\Bootstrap\\HandleExceptions->handleError(8192, 'Illuminate\\\\Supp...', 'C:\\\\Users\\\\Simon ...', 356)
#8 C:\\Users\\Simon Fox\\Herd\\rateshopper\\working copy\\laravel_rate_shopper\\vendor\\composer\\ClassLoader.php(576): Illuminate\\Foundation\\Bootstrap\\HandleExceptions->{closure:Illuminate\\Foundation\\Bootstrap\\HandleExceptions::forwardsTo():254}(8192, 'Illuminate\\\\Supp...', 'C:\\\\Users\\\\Simon ...', 356)
#9 C:\\Users\\Simon Fox\\Herd\\rateshopper\\working copy\\laravel_rate_shopper\\vendor\\composer\\ClassLoader.php(576): include('C:\\\\Users\\\\Simon ...')
#10 C:\\Users\\Simon Fox\\Herd\\rateshopper\\working copy\\laravel_rate_shopper\\vendor\\composer\\ClassLoader.php(427): {closure:Composer\\Autoload\\ClassLoader::initializeIncludeClosure():575}('C:\\\\Users\\\\Simon ...')
#11 C:\\Users\\Simon Fox\\Herd\\rateshopper\\working copy\\laravel_rate_shopper\\vendor\\laravel\\framework\\src\\Illuminate\\Collections\\Collection.php(22): Composer\\Autoload\\ClassLoader->loadClass('Illuminate\\\\Supp...')
#12 C:\\Users\\Simon Fox\\Herd\\rateshopper\\working copy\\laravel_rate_shopper\\vendor\\composer\\ClassLoader.php(576): include('C:\\\\Users\\\\Simon ...')
#13 C:\\Users\\Simon Fox\\Herd\\rateshopper\\working copy\\laravel_rate_shopper\\vendor\\composer\\ClassLoader.php(427): {closure:Composer\\Autoload\\ClassLoader::initializeIncludeClosure():575}('C:\\\\Users\\\\Simon ...')
#14 C:\\Users\\Simon Fox\\Herd\\rateshopper\\working copy\\laravel_rate_shopper\\vendor\\laravel\\framework\\src\\Illuminate\\Collections\\helpers.php(18): Composer\\Autoload\\ClassLoader->loadClass('Illuminate\\\\Supp...')
#15 C:\\Users\\Simon Fox\\Herd\\rateshopper\\working copy\\laravel_rate_shopper\\vendor\\laravel\\framework\\src\\Illuminate\\Foundation\\PackageManifest.php(131): collect(Array)
#16 C:\\Users\\Simon Fox\\Herd\\rateshopper\\working copy\\laravel_rate_shopper\\vendor\\laravel\\framework\\src\\Illuminate\\Foundation\\PackageManifest.php(107): Illuminate\\Foundation\\PackageManifest->build()
#17 C:\\Users\\Simon Fox\\Herd\\rateshopper\\working copy\\laravel_rate_shopper\\vendor\\laravel\\framework\\src\\Illuminate\\Foundation\\PackageManifest.php(90): Illuminate\\Foundation\\PackageManifest->getManifest()
#18 C:\\Users\\Simon Fox\\Herd\\rateshopper\\working copy\\laravel_rate_shopper\\vendor\\laravel\\framework\\src\\Illuminate\\Foundation\\PackageManifest.php(79): Illuminate\\Foundation\\PackageManifest->config('aliases')
#19 C:\\Users\\Simon Fox\\Herd\\rateshopper\\working copy\\laravel_rate_shopper\\vendor\\laravel\\framework\\src\\Illuminate\\Foundation\\Bootstrap\\RegisterFacades.php(26): Illuminate\\Foundation\\PackageManifest->aliases()
#20 C:\\Users\\Simon Fox\\Herd\\rateshopper\\working copy\\laravel_rate_shopper\\vendor\\laravel\\framework\\src\\Illuminate\\Foundation\\Application.php(263): Illuminate\\Foundation\\Bootstrap\\RegisterFacades->bootstrap(Object(Illuminate\\Foundation\\Application))
#21 C:\\Users\\Simon Fox\\Herd\\rateshopper\\working copy\\laravel_rate_shopper\\vendor\\laravel\\framework\\src\\Illuminate\\Foundation\\Console\\Kernel.php(447): Illuminate\\Foundation\\Application->bootstrapWith(Array)
#22 C:\\Users\\Simon Fox\\Herd\\rateshopper\\working copy\\laravel_rate_shopper\\vendor\\laravel\\framework\\src\\Illuminate\\Foundation\\Console\\Kernel.php(199): Illuminate\\Foundation\\Console\\Kernel->bootstrap()
#23 C:\\Users\\Simon Fox\\Herd\\rateshopper\\working copy\\laravel_rate_shopper\\artisan(35): Illuminate\\Foundation\\Console\\Kernel->handle(Object(Symfony\\Component\\Console\\Input\\ArgvInput), Object(Symfony\\Component\\Console\\Output\\ConsoleOutput))
#24 {main}
"} 
[2026-08-13 16:09:55] laravel.WARNING: Illuminate\Support\Enumerable::unlessEmpty(): Implicitly marking parameter $default as nullable is deprecated, the explicit nullable type must be used instead in C:\Users\Simon Fox\Herd\rateshopper\working copy\laravel_rate_shopper\vendor\laravel\framework\src\Illuminate\Collections\Enumerable.php on line 356  
[2026-08-13 16:09:55] laravel.EMERGENCY: Unable to create configured logger. Using emergency logger. {"exception":"[object] (Error(code: 0): Class \"Illuminate\\Support\\Collection\" not found at C:\\Users\\Simon Fox\\Herd\\rateshopper\\working copy\\laravel_rate_shopper\\vendor\\laravel\\framework\\src\\Illuminate\\Collections\\helpers.php:18)
[stacktrace]
#0 C:\\Users\\Simon Fox\\Herd\\rateshopper\\working copy\\laravel_rate_shopper\\vendor\\laravel\\framework\\src\\Illuminate\\Log\\LogManager.php(389): collect(Array)
#1 C:\\Users\\Simon Fox\\Herd\\rateshopper\\working copy\\laravel_rate_shopper\\vendor\\laravel\\framework\\src\\Illuminate\\Log\\LogManager.php(222): Illuminate\\Log\\LogManager->createMonologDriver(Array)
#2 C:\\Users\\Simon Fox\\Herd\\rateshopper\\working copy\\laravel_rate_shopper\\vendor\\laravel\\framework\\src\\Illuminate\\Log\\LogManager.php(137): Illuminate\\Log\\LogManager->resolve('deprecations', Array)
#3 C:\\Users\\Simon Fox\\Herd\\rateshopper\\working copy\\laravel_rate_shopper\\vendor\\laravel\\framework\\src\\Illuminate\\Log\\LogManager.php(124): Illuminate\\Log\\LogManager->get('deprecations')
#4 C:\\Users\\Simon Fox\\Herd\\rateshopper\\working copy\\laravel_rate_shopper\\vendor\\laravel\\framework\\src\\Illuminate\\Log\\LogManager.php(113): Illuminate\\Log\\LogManager->driver('deprecations')
#5 C:\\Users\\Simon Fox\\Herd\\rateshopper\\working copy\\laravel_rate_shopper\\vendor\\laravel\\framework\\src\\Illuminate\\Foundation\\Bootstrap\\HandleExceptions.php(102): Illuminate\\Log\\LogManager->channel('deprecations')
#6 C:\\Users\\Simon Fox\\Herd\\rateshopper\\working copy\\laravel_rate_shopper\\vendor\\laravel\\framework\\src\\Illuminate\\Foundation\\Bootstrap\\HandleExceptions.php(71): Illuminate\\Foundation\\Bootstrap\\HandleExceptions->handleDeprecationError('Illuminate\\\\Supp...', 'C:\\\\Users\\\\Simon ...', 367, 8192)
#7 C:\\Users\\Simon Fox\\Herd\\rateshopper\\working copy\\laravel_rate_shopper\\vendor\\laravel\\framework\\src\\Illuminate\\Foundation\\Bootstrap\\HandleExceptions.php(255): Illuminate\\Foundation\\Bootstrap\\HandleExceptions->handleError(8192, 'Illuminate\\\\Supp...', 'C:\\\\Users\\\\Simon ...', 367)
#8 C:\\Users\\Simon Fox\\Herd\\rateshopper\\working copy\\laravel_rate_shopper\\vendor\\composer\\ClassLoader.php(576): Illuminate\\Foundation\\Bootstrap\\HandleExceptions->{closure:Illuminate\\Foundation\\Bootstrap\\HandleExceptions::forwardsTo():254}(8192, 'Illuminate\\\\Supp...', 'C:\\\\Users\\\\Simon ...', 367)
#9 C:\\Users\\Simon Fox\\Herd\\rateshopper\\working copy\\laravel_rate_shopper\\vendor\\composer\\ClassLoader.php(576): include('C:\\\\Users\\\\Simon ...')
#10 C:\\Users\\Simon Fox\\Herd\\rateshopper\\working copy\\laravel_rate_shopper\\vendor\\composer\\ClassLoader.php(427): {closure:Composer\\Autoload\\ClassLoader::initializeIncludeClosure():575}('C:\\\\Users\\\\Simon ...')
#11 C:\\Users\\Simon Fox\\Herd\\rateshopper\\working copy\\laravel_rate_shopper\\vendor\\laravel\\framework\\src\\Illuminate\\Collections\\Collection.php(22): Composer\\Autoload\\ClassLoader->loadClass('Illuminate\\\\Supp...')
#12 C:\\Users\\Simon Fox\\Herd\\rateshopper\\working copy\\laravel_rate_shopper\\vendor\\composer\\ClassLoader.php(576): include('C:\\\\Users\\\\Simon ...')
#13 C:\\Users\\Simon Fox\\Herd\\rateshopper\\working copy\\laravel_rate_shopper\\vendor\\composer\\ClassLoader.php(427): {closure:Composer\\Autoload\\ClassLoader::initializeIncludeClosure():575}('C:\\\\Users\\\\Simon ...')
#14 C:\\Users\\Simon Fox\\Herd\\rateshopper\\working copy\\laravel_rate_shopper\\vendor\\laravel\\framework\\src\\Illuminate\\Collections\\helpers.php(18): Composer\\Autoload\\ClassLoader->loadClass('Illuminate\\\\Supp...')
#15 C:\\Users\\Simon Fox\\Herd\\rateshopper\\working copy\\laravel_rate_shopper\\vendor\\laravel\\framework\\src\\Illuminate\\Foundation\\PackageManifest.php(131): collect(Array)
#16 C:\\Users\\Simon Fox\\Herd\\rateshopper\\working copy\\laravel_rate_shopper\\vendor\\laravel\\framework\\src\\Illuminate\\Foundation\\PackageManifest.php(107): Illuminate\\Foundation\\PackageManifest->build()
#17 C:\\Users\\Simon Fox\\Herd\\rateshopper\\working copy\\laravel_rate_shopper\\vendor\\laravel\\framework\\src\\Illuminate\\Foundation\\PackageManifest.php(90): Illuminate\\Foundation\\PackageManifest->getManifest()
#18 C:\\Users\\Simon Fox\\Herd\\rateshopper\\working copy\\laravel_rate_shopper\\vendor\\laravel\\framework\\src\\Illuminate\\Foundation\\PackageManifest.php(79): Illuminate\\Foundation\\PackageManifest->config('aliases')
#19 C:\\Users\\Simon Fox\\Herd\\rateshopper\\working copy\\laravel_rate_shopper\\vendor\\laravel\\framework\\src\\Illuminate\\Foundation\\Bootstrap\\RegisterFacades.php(26): Illuminate\\Foundation\\PackageManifest->aliases()
#20 C:\\Users\\Simon Fox\\Herd\\rateshopper\\working copy\\laravel_rate_shopper\\vendor\\laravel\\framework\\src\\Illuminate\\Foundation\\Application.php(263): Illuminate\\Foundation\\Bootstrap\\RegisterFacades->bootstrap(Object(Illuminate\\Foundation\\Application))
#21 C:\\Users\\Simon Fox\\Herd\\rateshopper\\working copy\\laravel_rate_shopper\\vendor\\laravel\\framework\\src\\Illuminate\\Foundation\\Console\\Kernel.php(447): Illuminate\\Foundation\\Application->bootstrapWith(Array)
#22 C:\\Users\\Simon Fox\\Herd\\rateshopper\\working copy\\laravel_rate_shopper\\vendor\\laravel\\framework\\src\\Illuminate\\Foundation\\Console\\Kernel.php(199): Illuminate\\Foundation\\Console\\Kernel->bootstrap()
#23 C:\\Users\\Simon Fox\\Herd\\rateshopper\\working copy\\laravel_rate_shopper\\artisan(35): Illuminate\\Foundation\\Console\\Kernel->handle(Object(Symfony\\Component\\Console\\Input\\ArgvInput), Object(Symfony\\Component\\Console\\Output\\ConsoleOutput))
#24 {main}
"} 
[2026-08-13 16:09:55] laravel.WARNING: Illuminate\Support\Enumerable::unlessNotEmpty(): Implicitly marking parameter $default as nullable is deprecated, the explicit nullable type must be used instead in C:\Users\Simon Fox\Herd\rateshopper\working copy\laravel_rate_shopper\vendor\laravel\framework\src\Illuminate\Collections\Enumerable.php on line 367  
[2026-08-13 16:09:55] laravel.EMERGENCY: Unable to create configured logger. Using emergency logger. {"exception":"[object] (Error(code: 0): Class \"Illuminate\\Support\\Collection\" not found at C:\\Users\\Simon Fox\\Herd\\rateshopper\\working copy\\laravel_rate_shopper\\vendor\\laravel\\framework\\src\\Illuminate\\Collections\\helpers.php:18)
[stacktrace]
#0 C:\\Users\\Simon Fox\\Herd\\rateshopper\\working copy\\laravel_rate_shopper\\vendor\\laravel\\framework\\src\\Illuminate\\Log\\LogManager.php(389): collect(Array)
#1 C:\\Users\\Simon Fox\\Herd\\rateshopper\\working copy\\laravel_rate_shopper\\vendor\\laravel\\framework\\src\\Illuminate\\Log\\LogManager.php(222): Illuminate\\Log\\LogManager->createMonologDriver(Array)
#2 C:\\Users\\Simon Fox\\Herd\\rateshopper\\working copy\\laravel_rate_shopper\\vendor\\laravel\\framework\\src\\Illuminate\\Log\\LogManager.php(137): Illuminate\\Log\\LogManager->resolve('deprecations', Array)
#3 C:\\Users\\Simon Fox\\Herd\\rateshopper\\working copy\\laravel_rate_shopper\\vendor\\laravel\\framework\\src\\Illuminate\\Log\\LogManager.php(124): Illuminate\\Log\\LogManager->get('deprecations')
#4 C:\\Users\\Simon Fox\\Herd\\rateshopper\\working copy\\laravel_rate_shopper\\vendor\\laravel\\framework\\src\\Illuminate\\Log\\LogManager.php(113): Illuminate\\Log\\LogManager->driver('deprecations')
#5 C:\\Users\\Simon Fox\\Herd\\rateshopper\\working copy\\laravel_rate_shopper\\vendor\\laravel\\framework\\src\\Illuminate\\Foundation\\Bootstrap\\HandleExceptions.php(102): Illuminate\\Log\\LogManager->channel('deprecations')
#6 C:\\Users\\Simon Fox\\Herd\\rateshopper\\working copy\\laravel_rate_shopper\\vendor\\laravel\\framework\\src\\Illuminate\\Foundation\\Bootstrap\\HandleExceptions.php(71): Illuminate\\Foundation\\Bootstrap\\HandleExceptions->handleDeprecationError('Illuminate\\\\Supp...', 'C:\\\\Users\\\\Simon ...', 479, 8192)
#7 C:\\Users\\Simon Fox\\Herd\\rateshopper\\working copy\\laravel_rate_shopper\\vendor\\laravel\\framework\\src\\Illuminate\\Foundation\\Bootstrap\\HandleExceptions.php(255): Illuminate\\Foundation\\Bootstrap\\HandleExceptions->handleError(8192, 'Illuminate\\\\Supp...', 'C:\\\\Users\\\\Simon ...', 479)
#8 C:\\Users\\Simon Fox\\Herd\\rateshopper\\working copy\\laravel_rate_shopper\\vendor\\composer\\ClassLoader.php(576): Illuminate\\Foundation\\Bootstrap\\HandleExceptions->{closure:Illuminate\\Foundation\\Bootstrap\\HandleExceptions::forwardsTo():254}(8192, 'Illuminate\\\\Supp...', 'C:\\\\Users\\\\Simon ...', 479)
#9 C:\\Users\\Simon Fox\\Herd\\rateshopper\\working copy\\laravel_rate_shopper\\vendor\\composer\\ClassLoader.php(576): include('C:\\\\Users\\\\Simon ...')
#10 C:\\Users\\Simon Fox\\Herd\\rateshopper\\working copy\\laravel_rate_shopper\\vendor\\composer\\ClassLoader.php(427): {closure:Composer\\Autoload\\ClassLoader::initializeIncludeClosure():575}('C:\\\\Users\\\\Simon ...')
#11 C:\\Users\\Simon Fox\\Herd\\rateshopper\\working copy\\laravel_rate_shopper\\vendor\\laravel\\framework\\src\\Illuminate\\Collections\\Collection.php(22): Composer\\Autoload\\ClassLoader->loadClass('Illuminate\\\\Supp...')
#12 C:\\Users\\Simon Fox\\Herd\\rateshopper\\working copy\\laravel_rate_shopper\\vendor\\composer\\ClassLoader.php(576): include('C:\\\\Users\\\\Simon ...')
#13 C:\\Users\\Simon Fox\\Herd\\rateshopper\\working copy\\laravel_rate_shopper\\vendor\\composer\\ClassLoader.php(427): {closure:Composer\\Autoload\\ClassLoader::initializeIncludeClosure():575}('C:\\\\Users\\\\Simon ...')
#14 C:\\Users\\Simon Fox\\Herd\\rateshopper\\working copy\\laravel_rate_shopper\\vendor\\laravel\\framework\\src\\Illuminate\\Collections\\helpers.php(18): Composer\\Autoload\\ClassLoader->loadClass('Illuminate\\\\Supp...')
#15 C:\\Users\\Simon Fox\\Herd\\rateshopper\\working copy\\laravel_rate_shopper\\vendor\\laravel\\framework\\src\\Illuminate\\Foundation\\PackageManifest.php(131): collect(Array)
#16 C:\\Users\\Simon Fox\\Herd\\rateshopper\\working copy\\laravel_rate_shopper\\vendor\\laravel\\framework\\src\\Illuminate\\Foundation\\PackageManifest.php(107): Illuminate\\Foundation\\PackageManifest->build()
#17 C:\\Users\\Simon Fox\\Herd\\rateshopper\\working copy\\laravel_rate_shopper\\vendor\\laravel\\framework\\src\\Illuminate\\Foundation\\PackageManifest.php(90): Illuminate\\Foundation\\PackageManifest->getManifest()
#18 C:\\Users\\Simon Fox\\Herd\\rateshopper\\working copy\\laravel_rate_shopper\\vendor\\laravel\\framework\\src\\Illuminate\\Foundation\\PackageManifest.php(79): Illuminate\\Foundation\\PackageManifest->config('aliases')
#19 C:\\Users\\Simon Fox\\Herd\\rateshopper\\working copy\\laravel_rate_shopper\\vendor\\laravel\\framework\\src\\Illuminate\\Foundation\\Bootstrap\\RegisterFacades.php(26): Illuminate\\Foundation\\PackageManifest->aliases()
#20 C:\\Users\\Simon Fox\\Herd\\rateshopper\\working copy\\laravel_rate_shopper\\vendor\\laravel\\framework\\src\\Illuminate\\Foundation\\Application.php(263): Illuminate\\Foundation\\Bootstrap\\RegisterFacades->bootstrap(Object(Illuminate\\Foundation\\Application))
#21 C:\\Users\\Simon Fox\\Herd\\rateshopper\\working copy\\laravel_rate_shopper\\vendor\\laravel\\framework\\src\\Illuminate\\Foundation\\Console\\Kernel.php(447): Illuminate\\Foundation\\Application->bootstrapWith(Array)
#22 C:\\Users\\Simon Fox\\Herd\\rateshopper\\working copy\\laravel_rate_shopper\\vendor\\laravel\\framework\\src\\Illuminate\\Foundation\\Console\\Kernel.php(199): Illuminate\\Foundation\\Console\\Kernel->bootstrap()
#23 C:\\Users\\Simon Fox\\Herd\\rateshopper\\working copy\\laravel_rate_shopper\\artisan(35): Illuminate\\Foundation\\Console\\Kernel->handle(Object(Symfony\\Component\\Console\\Input\\ArgvInput), Object(Symfony\\Component\\Console\\Output\\ConsoleOutput))
#24 {main}
"} 
[2026-08-13 16:09:55] laravel.WARNING: Illuminate\Support\Enumerable::first(): Implicitly marking parameter $callback as nullable is deprecated, the explicit nullable type must be used instead in C:\Users\Simon Fox\Herd\rateshopper\working copy\laravel_rate_shopper\vendor\laravel\framework\src\Illuminate\Collections\Enumerable.php on line 479  
[2026-08-13 16:09:55] laravel.EMERGENCY: Unable to create configured logger. Using emergency logger. {"exception":"[object] (Error(code: 0): Class \"Illuminate\\Support\\Collection\" not found at C:\\Users\\Simon Fox\\Herd\\rateshopper\\working copy\\laravel_rate_shopper\\vendor\\laravel\\framework\\src\\Illuminate\\Collections\\helpers.php:18)
[stacktrace]
#0 C:\\Users\\Simon Fox\\Herd\\rateshopper\\working copy\\laravel_rate_shopper\\vendor\\laravel\\framework\\src\\Illuminate\\Log\\LogManager.php(389): collect(Array)
#1 C:\\Users\\Simon Fox\\Herd\\rateshopper\\working copy\\laravel_rate_shopper\\vendor\\laravel\\framework\\src\\Illuminate\\Log\\LogManager.php(222): Illuminate\\Log\\LogManager->createMonologDriver(Array)
#2 C:\\Users\\Simon Fox\\Herd\\rateshopper\\working copy\\laravel_rate_shopper\\vendor\\laravel\\framework\\src\\Illuminate\\Log\\LogManager.php(137): Illuminate\\Log\\LogManager->resolve('deprecations', Array)
#3 C:\\Users\\Simon Fox\\Herd\\rateshopper\\working copy\\laravel_rate_shopper\\vendor\\laravel\\framework\\src\\Illuminate\\Log\\LogManager.php(124): Illuminate\\Log\\LogManager->get('deprecations')
#4 C:\\Users\\Simon Fox\\Herd\\rateshopper\\working copy\\laravel_rate_shopper\\vendor\\laravel\\framework\\src\\Illuminate\\Log\\LogManager.php(113): Illuminate\\Log\\LogManager->driver('deprecations')
#5 C:\\Users\\Simon Fox\\Herd\\rateshopper\\working copy\\laravel_rate_shopper\\vendor\\laravel\\framework\\src\\Illuminate\\Foundation\\Bootstrap\\HandleExceptions.php(102): Illuminate\\Log\\LogManager->channel('deprecations')
#6 C:\\Users\\Simon Fox\\Herd\\rateshopper\\working copy\\laravel_rate_shopper\\vendor\\laravel\\framework\\src\\Illuminate\\Foundation\\Bootstrap\\HandleExceptions.php(71): Illuminate\\Foundation\\Bootstrap\\HandleExceptions->handleDeprecationError('Illuminate\\\\Supp...', 'C:\\\\Users\\\\Simon ...', 621, 8192)
#7 C:\\Users\\Simon Fox\\Herd\\rateshopper\\working copy\\laravel_rate_shopper\\vendor\\laravel\\framework\\src\\Illuminate\\Foundation\\Bootstrap\\HandleExceptions.php(255): Illuminate\\Foundation\\Bootstrap\\HandleExceptions->handleError(8192, 'Illuminate\\\\Supp...', 'C:\\\\Users\\\\Simon ...', 621)
#8 C:\\Users\\Simon Fox\\Herd\\rateshopper\\working copy\\laravel_rate_shopper\\vendor\\composer\\ClassLoader.php(576): Illuminate\\Foundation\\Bootstrap\\HandleExceptions->{closure:Illuminate\\Foundation\\Bootstrap\\HandleExceptions::forwardsTo():254}(8192, 'Illuminate\\\\Supp...', 'C:\\\\Users\\\\Simon ...', 621)
#9 C:\\Users\\Simon Fox\\Herd\\rateshopper\\working copy\\laravel_rate_shopper\\vendor\\composer\\ClassLoader.php(576): include('C:\\\\Users\\\\Simon ...')
#10 C:\\Users\\Simon Fox\\Herd\\rateshopper\\working copy\\laravel_rate_shopper\\vendor\\composer\\ClassLoader.php(427): {closure:Composer\\Autoload\\ClassLoader::initializeIncludeClosure():575}('C:\\\\Users\\\\Simon ...')
#11 C:\\Users\\Simon Fox\\Herd\\rateshopper\\working copy\\laravel_rate_shopper\\vendor\\laravel\\framework\\src\\Illuminate\\Collections\\Collection.php(22): Composer\\Autoload\\ClassLoader->loadClass('Illuminate\\\\Supp...')
#12 C:\\Users\\Simon Fox\\Herd\\rateshopper\\working copy\\laravel_rate_shopper\\vendor\\composer\\ClassLoader.php(576): include('C:\\\\Users\\\\Simon ...')
#13 C:\\Users\\Simon Fox\\Herd\\rateshopper\\working copy\\laravel_rate_shopper\\vendor\\composer\\ClassLoader.php(427): {closure:Composer\\Autoload\\ClassLoader::initializeIncludeClosure():575}('C:\\\\Users\\\\Simon ...')
#14 C:\\Users\\Simon Fox\\Herd\\rateshopper\\working copy\\laravel_rate_shopper\\vendor\\laravel\\framework\\src\\Illuminate\\Collections\\helpers.php(18): Composer\\Autoload\\ClassLoader->loadClass('Illuminate\\\\Supp...')
#15 C:\\Users\\Simon Fox\\Herd\\rateshopper\\working copy\\laravel_rate_shopper\\vendor\\laravel\\framework\\src\\Illuminate\\Foundation\\PackageManifest.php(131): collect(Array)
#16 C:\\Users\\Simon Fox\\Herd\\rateshopper\\working copy\\laravel_rate_shopper\\vendor\\laravel\\framework\\src\\Illuminate\\Foundation\\PackageManifest.php(107): Illuminate\\Foundation\\PackageManifest->build()
#17 C:\\Users\\Simon Fox\\Herd\\rateshopper\\working copy\\laravel_rate_shopper\\vendor\\laravel\\framework\\src\\Illuminate\\Foundation\\PackageManifest.php(90): Illuminate\\Foundation\\PackageManifest->getManifest()
#18 C:\\Users\\Simon Fox\\Herd\\rateshopper\\working copy\\laravel_rate_shopper\\vendor\\laravel\\framework\\src\\Illuminate\\Foundation\\PackageManifest.php(79): Illuminate\\Foundation\\PackageManifest->config('aliases')
#19 C:\\Users\\Simon Fox\\Herd\\rateshopper\\working copy\\laravel_rate_shopper\\vendor\\laravel\\framework\\src\\Illuminate\\Foundation\\Bootstrap\\RegisterFacades.php(26): Illuminate\\Foundation\\PackageManifest->aliases()
#20 C:\\Users\\Simon Fox\\Herd\\rateshopper\\working copy\\laravel_rate_shopper\\vendor\\laravel\\framework\\src\\Illuminate\\Foundation\\Application.php(263): Illuminate\\Foundation\\Bootstrap\\RegisterFacades->bootstrap(Object(Illuminate\\Foundation\\Application))
#21 C:\\Users\\Simon Fox\\Herd\\rateshopper\\working copy\\laravel_rate_shopper\\vendor\\laravel\\framework\\src\\Illuminate\\Foundation\\Console\\Kernel.php(447): Illuminate\\Foundation\\Application->bootstrapWith(Array)
#22 C:\\Users\\Simon Fox\\Herd\\rateshopper\\working copy\\laravel_rate_shopper\\vendor\\laravel\\framework\\src\\Illuminate\\Foundation\\Console\\Kernel.php(199): Illuminate\\Foundation\\Console\\Kernel->bootstrap()
#23 C:\\Users\\Simon Fox\\Herd\\rateshopper\\working copy\\laravel_rate_shopper\\artisan(35): Illuminate\\Foundation\\Console\\Kernel->handle(Object(Symfony\\Component\\Console\\Input\\ArgvInput), Object(Symfony\\Component\\Console\\Output\\ConsoleOutput))
#24 {main}
"} 
[2026-08-13 16:09:55] laravel.WARNING: Illuminate\Support\Enumerable::last(): Implicitly marking parameter $callback as nullable is deprecated, the explicit nullable type must be used instead in C:\Users\Simon Fox\Herd\rateshopper\working copy\laravel_rate_shopper\vendor\laravel\framework\src\Illuminate\Collections\Enumerable.php on line 621  
[2026-08-13 16:09:57] laravel.EMERGENCY: Unable to create configured logger. Using emergency logger. {"exception":"[object] (Error(code: 0): Class \"Illuminate\\Support\\Collection\" not found at C:\\Users\\Simon Fox\\Herd\\rateshopper\\working copy\\laravel_rate_shopper\\vendor\\laravel\\framework\\src\\Illuminate\\Collections\\helpers.php:18)
[stacktrace]
#0 C:\\Users\\Simon Fox\\Herd\\rateshopper\\working copy\\laravel_rate_shopper\\vendor\\laravel\\framework\\src\\Illuminate\\Log\\LogManager.php(389): collect(Array)
#1 C:\\Users\\Simon Fox\\Herd\\rateshopper\\working copy\\laravel_rate_shopper\\vendor\\laravel\\framework\\src\\Illuminate\\Log\\LogManager.php(222): Illuminate\\Log\\LogManager->createMonologDriver(Array)
#2 C:\\Users\\Simon Fox\\Herd\\rateshopper\\working copy\\laravel_rate_shopper\\vendor\\laravel\\framework\\src\\Illuminate\\Log\\LogManager.php(137): Illuminate\\Log\\LogManager->resolve('deprecations', Array)
#3 C:\\Users\\Simon Fox\\Herd\\rateshopper\\working copy\\laravel_rate_shopper\\vendor\\laravel\\framework\\src\\Illuminate\\Log\\LogManager.php(124): Illuminate\\Log\\LogManager->get('deprecations')
#4 C:\\Users\\Simon Fox\\Herd\\rateshopper\\working copy\\laravel_rate_shopper\\vendor\\laravel\\framework\\src\\Illuminate\\Log\\LogManager.php(113): Illuminate\\Log\\LogManager->driver('deprecations')
#5 C:\\Users\\Simon Fox\\Herd\\rateshopper\\working copy\\laravel_rate_shopper\\vendor\\laravel\\framework\\src\\Illuminate\\Foundation\\Bootstrap\\HandleExceptions.php(102): Illuminate\\Log\\LogManager->channel('deprecations')
#6 C:\\Users\\Simon Fox\\Herd\\rateshopper\\working copy\\laravel_rate_shopper\\vendor\\laravel\\framework\\src\\Illuminate\\Foundation\\Bootstrap\\HandleExceptions.php(71): Illuminate\\Foundation\\Bootstrap\\HandleExceptions->handleDeprecationError('Illuminate\\\\Supp...', 'C:\\\\Users\\\\Simon ...', 385, 8192)
#7 C:\\Users\\Simon Fox\\Herd\\rateshopper\\working copy\\laravel_rate_shopper\\vendor\\laravel\\framework\\src\\Illuminate\\Foundation\\Bootstrap\\HandleExceptions.php(255): Illuminate\\Foundation\\Bootstrap\\HandleExceptions->handleError(8192, 'Illuminate\\\\Supp...', 'C:\\\\Users\\\\Simon ...', 385)
#8 C:\\Users\\Simon Fox\\Herd\\rateshopper\\working copy\\laravel_rate_shopper\\vendor\\composer\\ClassLoader.php(576): Illuminate\\Foundation\\Bootstrap\\HandleExceptions->{closure:Illuminate\\Foundation\\Bootstrap\\HandleExceptions::forwardsTo():254}(8192, 'Illuminate\\\\Supp...', 'C:\\\\Users\\\\Simon ...', 385)
#9 C:\\Users\\Simon Fox\\Herd\\rateshopper\\working copy\\laravel_rate_shopper\\vendor\\composer\\ClassLoader.php(576): include('C:\\\\Users\\\\Simon ...')
#10 C:\\Users\\Simon Fox\\Herd\\rateshopper\\working copy\\laravel_rate_shopper\\vendor\\composer\\ClassLoader.php(427): {closure:Composer\\Autoload\\ClassLoader::initializeIncludeClosure():575}('C:\\\\Users\\\\Simon ...')
#11 C:\\Users\\Simon Fox\\Herd\\rateshopper\\working copy\\laravel_rate_shopper\\vendor\\laravel\\framework\\src\\Illuminate\\Collections\\helpers.php(18): Composer\\Autoload\\ClassLoader->loadClass('Illuminate\\\\Supp...')
#12 C:\\Users\\Simon Fox\\Herd\\rateshopper\\working copy\\laravel_rate_shopper\\vendor\\laravel\\framework\\src\\Illuminate\\Foundation\\PackageManifest.php(90): collect(Array)
#13 C:\\Users\\Simon Fox\\Herd\\rateshopper\\working copy\\laravel_rate_shopper\\vendor\\laravel\\framework\\src\\Illuminate\\Foundation\\PackageManifest.php(79): Illuminate\\Foundation\\PackageManifest->config('aliases')
#14 C:\\Users\\Simon Fox\\Herd\\rateshopper\\working copy\\laravel_rate_shopper\\vendor\\laravel\\framework\\src\\Illuminate\\Foundation\\Bootstrap\\RegisterFacades.php(26): Illuminate\\Foundation\\PackageManifest->aliases()
#15 C:\\Users\\Simon Fox\\Herd\\rateshopper\\working copy\\laravel_rate_shopper\\vendor\\laravel\\framework\\src\\Illuminate\\Foundation\\Application.php(263): Illuminate\\Foundation\\Bootstrap\\RegisterFacades->bootstrap(Object(Illuminate\\Foundation\\Application))
#16 C:\\Users\\Simon Fox\\Herd\\rateshopper\\working copy\\laravel_rate_shopper\\vendor\\laravel\\framework\\src\\Illuminate\\Foundation\\Console\\Kernel.php(447): Illuminate\\Foundation\\Application->bootstrapWith(Array)
#17 C:\\Users\\Simon Fox\\Herd\\rateshopper\\working copy\\laravel_rate_shopper\\vendor\\laravel\\framework\\src\\Illuminate\\Foundation\\Console\\Kernel.php(199): Illuminate\\Foundation\\Console\\Kernel->bootstrap()
#18 C:\\Users\\Simon Fox\\Herd\\rateshopper\\working copy\\laravel_rate_shopper\\artisan(35): Illuminate\\Foundation\\Console\\Kernel->handle(Object(Symfony\\Component\\Console\\Input\\ArgvInput), Object(Symfony\\Component\\Console\\Output\\ConsoleOutput))
#19 {main}
"} 
[2026-08-13 16:09:57] laravel.WARNING: Illuminate\Support\Collection::filter(): Implicitly marking parameter $callback as nullable is deprecated, the explicit nullable type must be used instead in C:\Users\Simon Fox\Herd\rateshopper\working copy\laravel_rate_shopper\vendor\laravel\framework\src\Illuminate\Collections\Collection.php on line 385  
[2026-08-13 16:09:57] laravel.EMERGENCY: Unable to create configured logger. Using emergency logger. {"exception":"[object] (Error(code: 0): Class \"Illuminate\\Support\\Collection\" not found at C:\\Users\\Simon Fox\\Herd\\rateshopper\\working copy\\laravel_rate_shopper\\vendor\\laravel\\framework\\src\\Illuminate\\Collections\\helpers.php:18)
[stacktrace]
#0 C:\\Users\\Simon Fox\\Herd\\rateshopper\\working copy\\laravel_rate_shopper\\vendor\\laravel\\framework\\src\\Illuminate\\Log\\LogManager.php(389): collect(Array)
#1 C:\\Users\\Simon Fox\\Herd\\rateshopper\\working copy\\laravel_rate_shopper\\vendor\\laravel\\framework\\src\\Illuminate\\Log\\LogManager.php(222): Illuminate\\Log\\LogManager->createMonologDriver(Array)
#2 C:\\Users\\Simon Fox\\Herd\\rateshopper\\working copy\\laravel_rate_shopper\\vendor\\laravel\\framework\\src\\Illuminate\\Log\\LogManager.php(137): Illuminate\\Log\\LogManager->resolve('deprecations', Array)
#3 C:\\Users\\Simon Fox\\Herd\\rateshopper\\working copy\\laravel_rate_shopper\\vendor\\laravel\\framework\\src\\Illuminate\\Log\\LogManager.php(124): Illuminate\\Log\\LogManager->get('deprecations')
#4 C:\\Users\\Simon Fox\\Herd\\rateshopper\\working copy\\laravel_rate_shopper\\vendor\\laravel\\framework\\src\\Illuminate\\Log\\LogManager.php(113): Illuminate\\Log\\LogManager->driver('deprecations')
#5 C:\\Users\\Simon Fox\\Herd\\rateshopper\\working copy\\laravel_rate_shopper\\vendor\\laravel\\framework\\src\\Illuminate\\Foundation\\Bootstrap\\HandleExceptions.php(102): Illuminate\\Log\\LogManager->channel('deprecations')
#6 C:\\Users\\Simon Fox\\Herd\\rateshopper\\working copy\\laravel_rate_shopper\\vendor\\laravel\\framework\\src\\Illuminate\\Foundation\\Bootstrap\\HandleExceptions.php(71): Illuminate\\Foundation\\Bootstrap\\HandleExceptions->handleDeprecationError('Illuminate\\\\Supp...', 'C:\\\\Users\\\\Simon ...', 403, 8192)
#7 C:\\Users\\Simon Fox\\Herd\\rateshopper\\working copy\\laravel_rate_shopper\\vendor\\laravel\\framework\\src\\Illuminate\\Foundation\\Bootstrap\\HandleExceptions.php(255): Illuminate\\Foundation\\Bootstrap\\HandleExceptions->handleError(8192, 'Illuminate\\\\Supp...', 'C:\\\\Users\\\\Simon ...', 403)
#8 C:\\Users\\Simon Fox\\Herd\\rateshopper\\working copy\\laravel_rate_shopper\\vendor\\composer\\ClassLoader.php(576): Illuminate\\Foundation\\Bootstrap\\HandleExceptions->{closure:Illuminate\\Foundation\\Bootstrap\\HandleExceptions::forwardsTo():254}(8192, 'Illuminate\\\\Supp...', 'C:\\\\Users\\\\Simon ...', 403)
#9 C:\\Users\\Simon Fox\\Herd\\rateshopper\\working copy\\laravel_rate_shopper\\vendor\\composer\\ClassLoader.php(576): include('C:\\\\Users\\\\Simon ...')
#10 C:\\Users\\Simon Fox\\Herd\\rateshopper\\working copy\\laravel_rate_shopper\\vendor\\composer\\ClassLoader.php(427): {closure:Composer\\Autoload\\ClassLoader::initializeIncludeClosure():575}('C:\\\\Users\\\\Simon ...')
#11 C:\\Users\\Simon Fox\\Herd\\rateshopper\\working copy\\laravel_rate_shopper\\vendor\\laravel\\framework\\src\\Illuminate\\Collections\\helpers.php(18): Composer\\Autoload\\ClassLoader->loadClass('Illuminate\\\\Supp...')
#12 C:\\Users\\Simon Fox\\Herd\\rateshopper\\working copy\\laravel_rate_shopper\\vendor\\laravel\\framework\\src\\Illuminate\\Foundation\\PackageManifest.php(90): collect(Array)
#13 C:\\Users\\Simon Fox\\Herd\\rateshopper\\working copy\\laravel_rate_shopper\\vendor\\laravel\\framework\\src\\Illuminate\\Foundation\\PackageManifest.php(79): Illuminate\\Foundation\\PackageManifest->config('aliases')
#14 C:\\Users\\Simon Fox\\Herd\\rateshopper\\working copy\\laravel_rate_shopper\\vendor\\laravel\\framework\\src\\Illuminate\\Foundation\\Bootstrap\\RegisterFacades.php(26): Illuminate\\Foundation\\PackageManifest->aliases()
#15 C:\\Users\\Simon Fox\\Herd\\rateshopper\\working copy\\laravel_rate_shopper\\vendor\\laravel\\framework\\src\\Illuminate\\Foundation\\Application.php(263): Illuminate\\Foundation\\Bootstrap\\RegisterFacades->bootstrap(Object(Illuminate\\Foundation\\Application))
#16 C:\\Users\\Simon Fox\\Herd\\rateshopper\\working copy\\laravel_rate_shopper\\vendor\\laravel\\framework\\src\\Illuminate\\Foundation\\Console\\Kernel.php(447): Illuminate\\Foundation\\Application->bootstrapWith(Array)
#17 C:\\Users\\Simon Fox\\Herd\\rateshopper\\working copy\\laravel_rate_shopper\\vendor\\laravel\\framework\\src\\Illuminate\\Foundation\\Console\\Kernel.php(199): Illuminate\\Foundation\\Console\\Kernel->bootstrap()
#18 C:\\Users\\Simon Fox\\Herd\\rateshopper\\working copy\\laravel_rate_shopper\\artisan(35): Illuminate\\Foundation\\Console\\Kernel->handle(Object(Symfony\\Component\\Console\\Input\\ArgvInput), Object(Symfony\\Component\\Console\\Output\\ConsoleOutput))
#19 {main}
"} 
[2026-08-13 16:09:57] laravel.WARNING: Illuminate\Support\Collection::first(): Implicitly marking parameter $callback as nullable is deprecated, the explicit nullable type must be used instead in C:\Users\Simon Fox\Herd\rateshopper\working copy\laravel_rate_shopper\vendor\laravel\framework\src\Illuminate\Collections\Collection.php on line 403  
[2026-08-13 16:09:57] laravel.EMERGENCY: Unable to create configured logger. Using emergency logger. {"exception":"[object] (Error(code: 0): Class \"Illuminate\\Support\\Collection\" not found at C:\\Users\\Simon Fox\\Herd\\rateshopper\\working copy\\laravel_rate_shopper\\vendor\\laravel\\framework\\src\\Illuminate\\Collections\\helpers.php:18)
[stacktrace]
#0 C:\\Users\\Simon Fox\\Herd\\rateshopper\\working copy\\laravel_rate_shopper\\vendor\\laravel\\framework\\src\\Illuminate\\Log\\LogManager.php(389): collect(Array)
#1 C:\\Users\\Simon Fox\\Herd\\rateshopper\\working copy\\laravel_rate_shopper\\vendor\\laravel\\framework\\src\\Illuminate\\Log\\LogManager.php(222): Illuminate\\Log\\LogManager->createMonologDriver(Array)
#2 C:\\Users\\Simon Fox\\Herd\\rateshopper\\working copy\\laravel_rate_shopper\\vendor\\laravel\\framework\\src\\Illuminate\\Log\\LogManager.php(137): Illuminate\\Log\\LogManager->resolve('deprecations', Array)
#3 C:\\Users\\Simon Fox\\Herd\\rateshopper\\working copy\\laravel_rate_shopper\\vendor\\laravel\\framework\\src\\Illuminate\\Log\\LogManager.php(124): Illuminate\\Log\\LogManager->get('deprecations')
#4 C:\\Users\\Simon Fox\\Herd\\rateshopper\\working copy\\laravel_rate_shopper\\vendor\\laravel\\framework\\src\\Illuminate\\Log\\LogManager.php(113): Illuminate\\Log\\LogManager->driver('deprecations')
#5 C:\\Users\\Simon Fox\\Herd\\rateshopper\\working copy\\laravel_rate_shopper\\vendor\\laravel\\framework\\src\\Illuminate\\Foundation\\Bootstrap\\HandleExceptions.php(102): Illuminate\\Log\\LogManager->channel('deprecations')
#6 C:\\Users\\Simon Fox\\Herd\\rateshopper\\working copy\\laravel_rate_shopper\\vendor\\laravel\\framework\\src\\Illuminate\\Foundation\\Bootstrap\\HandleExceptions.php(71): Illuminate\\Foundation\\Bootstrap\\HandleExceptions->handleDeprecationError('Illuminate\\\\Supp...', 'C:\\\\Users\\\\Simon ...', 751, 8192)
#7 C:\\Users\\Simon Fox\\Herd\\rateshopper\\working copy\\laravel_rate_shopper\\vendor\\laravel\\framework\\src\\Illuminate\\Foundation\\Bootstrap\\HandleExceptions.php(255): Illuminate\\Foundation\\Bootstrap\\HandleExceptions->handleError(8192, 'Illuminate\\\\Supp...', 'C:\\\\Users\\\\Simon ...', 751)
#8 C:\\Users\\Simon Fox\\Herd\\rateshopper\\working copy\\laravel_rate_shopper\\vendor\\composer\\ClassLoader.php(576): Illuminate\\Foundation\\Bootstrap\\HandleExceptions->{closure:Illuminate\\Foundation\\Bootstrap\\HandleExceptions::forwardsTo():254}(8192, 'Illuminate\\\\Supp...', 'C:\\\\Users\\\\Simon ...', 751)
#9 C:\\Users\\Simon Fox\\Herd\\rateshopper\\working copy\\laravel_rate_shopper\\vendor\\composer\\ClassLoader.php(576): include('C:\\\\Users\\\\Simon ...')
#10 C:\\Users\\Simon Fox\\Herd\\rateshopper\\working copy\\laravel_rate_shopper\\vendor\\composer\\ClassLoader.php(427): {closure:Composer\\Autoload\\ClassLoader::initializeIncludeClosure():575}('C:\\\\Users\\\\Simon ...')
#11 C:\\Users\\Simon Fox\\Herd\\rateshopper\\working copy\\laravel_rate_shopper\\vendor\\laravel\\framework\\src\\Illuminate\\Collections\\helpers.php(18): Composer\\Autoload\\ClassLoader->loadClass('Illuminate\\\\Supp...')
#12 C:\\Users\\Simon Fox\\Herd\\rateshopper\\working copy\\laravel_rate_shopper\\vendor\\laravel\\framework\\src\\Illuminate\\Foundation\\PackageManifest.php(90): collect(Array)
#13 C:\\Users\\Simon Fox\\Herd\\rateshopper\\working copy\\laravel_rate_shopper\\vendor\\laravel\\framework\\src\\Illuminate\\Foundation\\PackageManifest.php(79): Illuminate\\Foundation\\PackageManifest->config('aliases')
#14 C:\\Users\\Simon Fox\\Herd\\rateshopper\\working copy\\laravel_rate_shopper\\vendor\\laravel\\framework\\src\\Illuminate\\Foundation\\Bootstrap\\RegisterFacades.php(26): Illuminate\\Foundation\\PackageManifest->aliases()
#15 C:\\Users\\Simon Fox\\Herd\\rateshopper\\working copy\\laravel_rate_shopper\\vendor\\laravel\\framework\\src\\Illuminate\\Foundation\\Application.php(263): Illuminate\\Foundation\\Bootstrap\\RegisterFacades->bootstrap(Object(Illuminate\\Foundation\\Application))
#16 C:\\Users\\Simon Fox\\Herd\\rateshopper\\working copy\\laravel_rate_shopper\\vendor\\laravel\\framework\\src\\Illuminate\\Foundation\\Console\\Kernel.php(447): Illuminate\\Foundation\\Application->bootstrapWith(Array)
#17 C:\\Users\\Simon Fox\\Herd\\rateshopper\\working copy\\laravel_rate_shopper\\vendor\\laravel\\framework\\src\\Illuminate\\Foundation\\Console\\Kernel.php(199): Illuminate\\Foundation\\Console\\Kernel->bootstrap()
#18 C:\\Users\\Simon Fox\\Herd\\rateshopper\\working copy\\laravel_rate_shopper\\artisan(35): Illuminate\\Foundation\\Console\\Kernel->handle(Object(Symfony\\Component\\Console\\Input\\ArgvInput), Object(Symfony\\Component\\Console\\Output\\ConsoleOutput))
#19 {main}
"} 
[2026-08-13 16:09:57] laravel.WARNING: Illuminate\Support\Collection::last(): Implicitly marking parameter $callback as nullable is deprecated, the explicit nullable type must be used instead in C:\Users\Simon Fox\Herd\rateshopper\working copy\laravel_rate_shopper\vendor\laravel\framework\src\Illuminate\Collections\Collection.php on line 751  
[2026-08-13 16:09:57] laravel.EMERGENCY: Unable to create configured logger. Using emergency logger. {"exception":"[object] (Error(code: 0): Class \"Illuminate\\Support\\Collection\" not found at C:\\Users\\Simon Fox\\Herd\\rateshopper\\working copy\\laravel_rate_shopper\\vendor\\laravel\\framework\\src\\Illuminate\\Collections\\helpers.php:18)
[stacktrace]
#0 C:\\Users\\Simon Fox\\Herd\\rateshopper\\working copy\\laravel_rate_shopper\\vendor\\laravel\\framework\\src\\Illuminate\\Log\\LogManager.php(389): collect(Array)
#1 C:\\Users\\Simon Fox\\Herd\\rateshopper\\working copy\\laravel_rate_shopper\\vendor\\laravel\\framework\\src\\Illuminate\\Log\\LogManager.php(222): Illuminate\\Log\\LogManager->createMonologDriver(Array)
#2 C:\\Users\\Simon Fox\\Herd\\rateshopper\\working copy\\laravel_rate_shopper\\vendor\\laravel\\framework\\src\\Illuminate\\Log\\LogManager.php(137): Illuminate\\Log\\LogManager->resolve('deprecations', Array)
#3 C:\\Users\\Simon Fox\\Herd\\rateshopper\\working copy\\laravel_rate_shopper\\vendor\\laravel\\framework\\src\\Illuminate\\Log\\LogManager.php(124): Illuminate\\Log\\LogManager->get('deprecations')
#4 C:\\Users\\Simon Fox\\Herd\\rateshopper\\working copy\\laravel_rate_shopper\\vendor\\laravel\\framework\\src\\Illuminate\\Log\\LogManager.php(113): Illuminate\\Log\\LogManager->driver('deprecations')
#5 C:\\Users\\Simon Fox\\Herd\\rateshopper\\working copy\\laravel_rate_shopper\\vendor\\laravel\\framework\\src\\Illuminate\\Foundation\\Bootstrap\\HandleExceptions.php(102): Illuminate\\Log\\LogManager->channel('deprecations')
#6 C:\\Users\\Simon Fox\\Herd\\rateshopper\\working copy\\laravel_rate_shopper\\vendor\\laravel\\framework\\src\\Illuminate\\Foundation\\Bootstrap\\HandleExceptions.php(71): Illuminate\\Foundation\\Bootstrap\\HandleExceptions->handleDeprecationError('Illuminate\\\\Supp...', 'C:\\\\Users\\\\Simon ...', 167, 8192)
#7 C:\\Users\\Simon Fox\\Herd\\rateshopper\\working copy\\laravel_rate_shopper\\vendor\\laravel\\framework\\src\\Illuminate\\Foundation\\Bootstrap\\HandleExceptions.php(255): Illuminate\\Foundation\\Bootstrap\\HandleExceptions->handleError(8192, 'Illuminate\\\\Supp...', 'C:\\\\Users\\\\Simon ...', 167)
#8 C:\\Users\\Simon Fox\\Herd\\rateshopper\\working copy\\laravel_rate_shopper\\vendor\\composer\\ClassLoader.php(576): Illuminate\\Foundation\\Bootstrap\\HandleExceptions->{closure:Illuminate\\Foundation\\Bootstrap\\HandleExceptions::forwardsTo():254}(8192, 'Illuminate\\\\Supp...', 'C:\\\\Users\\\\Simon ...', 167)
#9 C:\\Users\\Simon Fox\\Herd\\rateshopper\\working copy\\laravel_rate_shopper\\vendor\\composer\\ClassLoader.php(576): include('C:\\\\Users\\\\Simon ...')
#10 C:\\Users\\Simon Fox\\Herd\\rateshopper\\working copy\\laravel_rate_shopper\\vendor\\composer\\ClassLoader.php(427): {closure:Composer\\Autoload\\ClassLoader::initializeIncludeClosure():575}('C:\\\\Users\\\\Simon ...')
#11 C:\\Users\\Simon Fox\\Herd\\rateshopper\\working copy\\laravel_rate_shopper\\vendor\\laravel\\framework\\src\\Illuminate\\Collections\\Collection.php(22): Composer\\Autoload\\ClassLoader->loadClass('Illuminate\\\\Supp...')
#12 C:\\Users\\Simon Fox\\Herd\\rateshopper\\working copy\\laravel_rate_shopper\\vendor\\composer\\ClassLoader.php(576): include('C:\\\\Users\\\\Simon ...')
#13 C:\\Users\\Simon Fox\\Herd\\rateshopper\\working copy\\laravel_rate_shopper\\vendor\\composer\\ClassLoader.php(427): {closure:Composer\\Autoload\\ClassLoader::initializeIncludeClosure():575}('C:\\\\Users\\\\Simon ...')
#14 C:\\Users\\Simon Fox\\Herd\\rateshopper\\working copy\\laravel_rate_shopper\\vendor\\laravel\\framework\\src\\Illuminate\\Collections\\helpers.php(18): Composer\\Autoload\\ClassLoader->loadClass('Illuminate\\\\Supp...')
#15 C:\\Users\\Simon Fox\\Herd\\rateshopper\\working copy\\laravel_rate_shopper\\vendor\\laravel\\framework\\src\\Illuminate\\Foundation\\PackageManifest.php(90): collect(Array)
#16 C:\\Users\\Simon Fox\\Herd\\rateshopper\\working copy\\laravel_rate_shopper\\vendor\\laravel\\framework\\src\\Illuminate\\Foundation\\PackageManifest.php(79): Illuminate\\Foundation\\PackageManifest->config('aliases')
#17 C:\\Users\\Simon Fox\\Herd\\rateshopper\\working copy\\laravel_rate_shopper\\vendor\\laravel\\framework\\src\\Illuminate\\Foundation\\Bootstrap\\RegisterFacades.php(26): Illuminate\\Foundation\\PackageManifest->aliases()
#18 C:\\Users\\Simon Fox\\Herd\\rateshopper\\working copy\\laravel_rate_shopper\\vendor\\laravel\\framework\\src\\Illuminate\\Foundation\\Application.php(263): Illuminate\\Foundation\\Bootstrap\\RegisterFacades->bootstrap(Object(Illuminate\\Foundation\\Application))
#19 C:\\Users\\Simon Fox\\Herd\\rateshopper\\working copy\\laravel_rate_shopper\\vendor\\laravel\\framework\\src\\Illuminate\\Foundation\\Console\\Kernel.php(447): Illuminate\\Foundation\\Application->bootstrapWith(Array)
#20 C:\\Users\\Simon Fox\\Herd\\rateshopper\\working copy\\laravel_rate_shopper\\vendor\\laravel\\framework\\src\\Illuminate\\Foundation\\Console\\Kernel.php(199): Illuminate\\Foundation\\Console\\Kernel->bootstrap()
#21 C:\\Users\\Simon Fox\\Herd\\rateshopper\\working copy\\laravel_rate_shopper\\artisan(35): Illuminate\\Foundation\\Console\\Kernel->handle(Object(Symfony\\Component\\Console\\Input\\ArgvInput), Object(Symfony\\Component\\Console\\Output\\ConsoleOutput))
#22 {main}
"} 
[2026-08-13 16:09:57] laravel.WARNING: Illuminate\Support\Traits\EnumeratesValues::times(): Implicitly marking parameter $callback as nullable is deprecated, the explicit nullable type must be used instead in C:\Users\Simon Fox\Herd\rateshopper\working copy\laravel_rate_shopper\vendor\laravel\framework\src\Illuminate\Collections\Traits\EnumeratesValues.php on line 167  
[2026-08-13 16:09:57] laravel.EMERGENCY: Unable to create configured logger. Using emergency logger. {"exception":"[object] (Error(code: 0): Class \"Illuminate\\Support\\Collection\" not found at C:\\Users\\Simon Fox\\Herd\\rateshopper\\working copy\\laravel_rate_shopper\\vendor\\laravel\\framework\\src\\Illuminate\\Collections\\helpers.php:18)
[stacktrace]
#0 C:\\Users\\Simon Fox\\Herd\\rateshopper\\working copy\\laravel_rate_shopper\\vendor\\laravel\\framework\\src\\Illuminate\\Log\\LogManager.php(389): collect(Array)
#1 C:\\Users\\Simon Fox\\Herd\\rateshopper\\working copy\\laravel_rate_shopper\\vendor\\laravel\\framework\\src\\Illuminate\\Log\\LogManager.php(222): Illuminate\\Log\\LogManager->createMonologDriver(Array)
#2 C:\\Users\\Simon Fox\\Herd\\rateshopper\\working copy\\laravel_rate_shopper\\vendor\\laravel\\framework\\src\\Illuminate\\Log\\LogManager.php(137): Illuminate\\Log\\LogManager->resolve('deprecations', Array)
#3 C:\\Users\\Simon Fox\\Herd\\rateshopper\\working copy\\laravel_rate_shopper\\vendor\\laravel\\framework\\src\\Illuminate\\Log\\LogManager.php(124): Illuminate\\Log\\LogManager->get('deprecations')
#4 C:\\Users\\Simon Fox\\Herd\\rateshopper\\working copy\\laravel_rate_shopper\\vendor\\laravel\\framework\\src\\Illuminate\\Log\\LogManager.php(113): Illuminate\\Log\\LogManager->driver('deprecations')
#5 C:\\Users\\Simon Fox\\Herd\\rateshopper\\working copy\\laravel_rate_shopper\\vendor\\laravel\\framework\\src\\Illuminate\\Foundation\\Bootstrap\\HandleExceptions.php(102): Illuminate\\Log\\LogManager->channel('deprecations')
#6 C:\\Users\\Simon Fox\\Herd\\rateshopper\\working copy\\laravel_rate_shopper\\vendor\\laravel\\framework\\src\\Illuminate\\Foundation\\Bootstrap\\HandleExceptions.php(71): Illuminate\\Foundation\\Bootstrap\\HandleExceptions->handleDeprecationError('Illuminate\\\\Supp...', 'C:\\\\Users\\\\Simon ...', 537, 8192)
#7 C:\\Users\\Simon Fox\\Herd\\rateshopper\\working copy\\laravel_rate_shopper\\vendor\\laravel\\framework\\src\\Illuminate\\Foundation\\Bootstrap\\HandleExceptions.php(255): Illuminate\\Foundation\\Bootstrap\\HandleExceptions->handleError(8192, 'Illuminate\\\\Supp...', 'C:\\\\Users\\\\Simon ...', 537)
#8 C:\\Users\\Simon Fox\\Herd\\rateshopper\\working copy\\laravel_rate_shopper\\vendor\\composer\\ClassLoader.php(576): Illuminate\\Foundation\\Bootstrap\\HandleExceptions->{closure:Illuminate\\Foundation\\Bootstrap\\HandleExceptions::forwardsTo():254}(8192, 'Illuminate\\\\Supp...', 'C:\\\\Users\\\\Simon ...', 537)
#9 C:\\Users\\Simon Fox\\Herd\\rateshopper\\working copy\\laravel_rate_shopper\\vendor\\composer\\ClassLoader.php(576): include('C:\\\\Users\\\\Simon ...')
#10 C:\\Users\\Simon Fox\\Herd\\rateshopper\\working copy\\laravel_rate_shopper\\vendor\\composer\\ClassLoader.php(427): {closure:Composer\\Autoload\\ClassLoader::initializeIncludeClosure():575}('C:\\\\Users\\\\Simon ...')
#11 C:\\Users\\Simon Fox\\Herd\\rateshopper\\working copy\\laravel_rate_shopper\\vendor\\laravel\\framework\\src\\Illuminate\\Collections\\Collection.php(22): Composer\\Autoload\\ClassLoader->loadClass('Illuminate\\\\Supp...')
#12 C:\\Users\\Simon Fox\\Herd\\rateshopper\\working copy\\laravel_rate_shopper\\vendor\\composer\\ClassLoader.php(576): include('C:\\\\Users\\\\Simon ...')
#13 C:\\Users\\Simon Fox\\Herd\\rateshopper\\working copy\\laravel_rate_shopper\\vendor\\composer\\ClassLoader.php(427): {closure:Composer\\Autoload\\ClassLoader::initializeIncludeClosure():575}('C:\\\\Users\\\\Simon ...')
#14 C:\\Users\\Simon Fox\\Herd\\rateshopper\\working copy\\laravel_rate_shopper\\vendor\\laravel\\framework\\src\\Illuminate\\Collections\\helpers.php(18): Composer\\Autoload\\ClassLoader->loadClass('Illuminate\\\\Supp...')
#15 C:\\Users\\Simon Fox\\Herd\\rateshopper\\working copy\\laravel_rate_shopper\\vendor\\laravel\\framework\\src\\Illuminate\\Foundation\\PackageManifest.php(90): collect(Array)
#16 C:\\Users\\Simon Fox\\Herd\\rateshopper\\working copy\\laravel_rate_shopper\\vendor\\laravel\\framework\\src\\Illuminate\\Foundation\\PackageManifest.php(79): Illuminate\\Foundation\\PackageManifest->config('aliases')
#17 C:\\Users\\Simon Fox\\Herd\\rateshopper\\working copy\\laravel_rate_shopper\\vendor\\laravel\\framework\\src\\Illuminate\\Foundation\\Bootstrap\\RegisterFacades.php(26): Illuminate\\Foundation\\PackageManifest->aliases()
#18 C:\\Users\\Simon Fox\\Herd\\rateshopper\\working copy\\laravel_rate_shopper\\vendor\\laravel\\framework\\src\\Illuminate\\Foundation\\Application.php(263): Illuminate\\Foundation\\Bootstrap\\RegisterFacades->bootstrap(Object(Illuminate\\Foundation\\Application))
#19 C:\\Users\\Simon Fox\\Herd\\rateshopper\\working copy\\laravel_rate_shopper\\vendor\\laravel\\framework\\src\\Illuminate\\Foundation\\Console\\Kernel.php(447): Illuminate\\Foundation\\Application->bootstrapWith(Array)
#20 C:\\Users\\Simon Fox\\Herd\\rateshopper\\working copy\\laravel_rate_shopper\\vendor\\laravel\\framework\\src\\Illuminate\\Foundation\\Console\\Kernel.php(199): Illuminate\\Foundation\\Console\\Kernel->bootstrap()
#21 C:\\Users\\Simon Fox\\Herd\\rateshopper\\working copy\\laravel_rate_shopper\\artisan(35): Illuminate\\Foundation\\Console\\Kernel->handle(Object(Symfony\\Component\\Console\\Input\\ArgvInput), Object(Symfony\\Component\\Console\\Output\\ConsoleOutput))
#22 {main}
"} 
[2026-08-13 16:09:57] laravel.WARNING: Illuminate\Support\Traits\EnumeratesValues::whenEmpty(): Implicitly marking parameter $default as nullable is deprecated, the explicit nullable type must be used instead in C:\Users\Simon Fox\Herd\rateshopper\working copy\laravel_rate_shopper\vendor\laravel\framework\src\Illuminate\Collections\Traits\EnumeratesValues.php on line 537  
[2026-08-13 16:09:57] laravel.EMERGENCY: Unable to create configured logger. Using emergency logger. {"exception":"[object] (Error(code: 0): Class \"Illuminate\\Support\\Collection\" not found at C:\\Users\\Simon Fox\\Herd\\rateshopper\\working copy\\laravel_rate_shopper\\vendor\\laravel\\framework\\src\\Illuminate\\Collections\\helpers.php:18)
[stacktrace]
#0 C:\\Users\\Simon Fox\\Herd\\rateshopper\\working copy\\laravel_rate_shopper\\vendor\\laravel\\framework\\src\\Illuminate\\Log\\LogManager.php(389): collect(Array)
#1 C:\\Users\\Simon Fox\\Herd\\rateshopper\\working copy\\laravel_rate_shopper\\vendor\\laravel\\framework\\src\\Illuminate\\Log\\LogManager.php(222): Illuminate\\Log\\LogManager->createMonologDriver(Array)
#2 C:\\Users\\Simon Fox\\Herd\\rateshopper\\working copy\\laravel_rate_shopper\\vendor\\laravel\\framework\\src\\Illuminate\\Log\\LogManager.php(137): Illuminate\\Log\\LogManager->resolve('deprecations', Array)
#3 C:\\Users\\Simon Fox\\Herd\\rateshopper\\working copy\\laravel_rate_shopper\\vendor\\laravel\\framework\\src\\Illuminate\\Log\\LogManager.php(124): Illuminate\\Log\\LogManager->get('deprecations')
#4 C:\\Users\\Simon Fox\\Herd\\rateshopper\\working copy\\laravel_rate_shopper\\vendor\\laravel\\framework\\src\\Illuminate\\Log\\LogManager.php(113): Illuminate\\Log\\LogManager->driver('deprecations')
#5 C:\\Users\\Simon Fox\\Herd\\rateshopper\\working copy\\laravel_rate_shopper\\vendor\\laravel\\framework\\src\\Illuminate\\Foundation\\Bootstrap\\HandleExceptions.php(102): Illuminate\\Log\\LogManager->channel('deprecations')
#6 C:\\Users\\Simon Fox\\Herd\\rateshopper\\working copy\\laravel_rate_shopper\\vendor\\laravel\\framework\\src\\Illuminate\\Foundation\\Bootstrap\\HandleExceptions.php(71): Illuminate\\Foundation\\Bootstrap\\HandleExceptions->handleDeprecationError('Illuminate\\\\Supp...', 'C:\\\\Users\\\\Simon ...', 551, 8192)
#7 C:\\Users\\Simon Fox\\Herd\\rateshopper\\working copy\\laravel_rate_shopper\\vendor\\laravel\\framework\\src\\Illuminate\\Foundation\\Bootstrap\\HandleExceptions.php(255): Illuminate\\Foundation\\Bootstrap\\HandleExceptions->handleError(8192, 'Illuminate\\\\Supp...', 'C:\\\\Users\\\\Simon ...', 551)
#8 C:\\Users\\Simon Fox\\Herd\\rateshopper\\working copy\\laravel_rate_shopper\\vendor\\composer\\ClassLoader.php(576): Illuminate\\Foundation\\Bootstrap\\HandleExceptions->{closure:Illuminate\\Foundation\\Bootstrap\\HandleExceptions::forwardsTo():254}(8192, 'Illuminate\\\\Supp...', 'C:\\\\Users\\\\Simon ...', 551)
#9 C:\\Users\\Simon Fox\\Herd\\rateshopper\\working copy\\laravel_rate_shopper\\vendor\\composer\\ClassLoader.php(576): include('C:\\\\Users\\\\Simon ...')
#10 C:\\Users\\Simon Fox\\Herd\\rateshopper\\working copy\\laravel_rate_shopper\\vendor\\composer\\ClassLoader.php(427): {closure:Composer\\Autoload\\ClassLoader::initializeIncludeClosure():575}('C:\\\\Users\\\\Simon ...')
#11 C:\\Users\\Simon Fox\\Herd\\rateshopper\\working copy\\laravel_rate_shopper\\vendor\\laravel\\framework\\src\\Illuminate\\Collections\\Collection.php(22): Composer\\Autoload\\ClassLoader->loadClass('Illuminate\\\\Supp...')
#12 C:\\Users\\Simon Fox\\Herd\\rateshopper\\working copy\\laravel_rate_shopper\\vendor\\composer\\ClassLoader.php(576): include('C:\\\\Users\\\\Simon ...')
#13 C:\\Users\\Simon Fox\\Herd\\rateshopper\\working copy\\laravel_rate_shopper\\vendor\\composer\\ClassLoader.php(427): {closure:Composer\\Autoload\\ClassLoader::initializeIncludeClosure():575}('C:\\\\Users\\\\Simon ...')
#14 C:\\Users\\Simon Fox\\Herd\\rateshopper\\working copy\\laravel_rate_shopper\\vendor\\laravel\\framework\\src\\Illuminate\\Collections\\helpers.php(18): Composer\\Autoload\\ClassLoader->loadClass('Illuminate\\\\Supp...')
#15 C:\\Users\\Simon Fox\\Herd\\rateshopper\\working copy\\laravel_rate_shopper\\vendor\\laravel\\framework\\src\\Illuminate\\Foundation\\PackageManifest.php(90): collect(Array)
#16 C:\\Users\\Simon Fox\\Herd\\rateshopper\\working copy\\laravel_rate_shopper\\vendor\\laravel\\framework\\src\\Illuminate\\Foundation\\PackageManifest.php(79): Illuminate\\Foundation\\PackageManifest->config('aliases')
#17 C:\\Users\\Simon Fox\\Herd\\rateshopper\\working copy\\laravel_rate_shopper\\vendor\\laravel\\framework\\src\\Illuminate\\Foundation\\Bootstrap\\RegisterFacades.php(26): Illuminate\\Foundation\\PackageManifest->aliases()
#18 C:\\Users\\Simon Fox\\Herd\\rateshopper\\working copy\\laravel_rate_shopper\\vendor\\laravel\\framework\\src\\Illuminate\\Foundation\\Application.php(263): Illuminate\\Foundation\\Bootstrap\\RegisterFacades->bootstrap(Object(Illuminate\\Foundation\\Application))
#19 C:\\Users\\Simon Fox\\Herd\\rateshopper\\working copy\\laravel_rate_shopper\\vendor\\laravel\\framework\\src\\Illuminate\\Foundation\\Console\\Kernel.php(447): Illuminate\\Foundation\\Application->bootstrapWith(Array)
#20 C:\\Users\\Simon Fox\\Herd\\rateshopper\\working copy\\laravel_rate_shopper\\vendor\\laravel\\framework\\src\\Illuminate\\Foundation\\Console\\Kernel.php(199): Illuminate\\Foundation\\Console\\Kernel->bootstrap()
#21 C:\\Users\\Simon Fox\\Herd\\rateshopper\\working copy\\laravel_rate_shopper\\artisan(35): Illuminate\\Foundation\\Console\\Kernel->handle(Object(Symfony\\Component\\Console\\Input\\ArgvInput), Object(Symfony\\Component\\Console\\Output\\ConsoleOutput))
#22 {main}
"} 
[2026-08-13 16:09:57] laravel.WARNING: Illuminate\Support\Traits\EnumeratesValues::whenNotEmpty(): Implicitly marking parameter $default as nullable is deprecated, the explicit nullable type must be used instead in C:\Users\Simon Fox\Herd\rateshopper\working copy\laravel_rate_shopper\vendor\laravel\framework\src\Illuminate\Collections\Traits\EnumeratesValues.php on line 551  
[2026-08-13 16:09:57] laravel.EMERGENCY: Unable to create configured logger. Using emergency logger. {"exception":"[object] (Error(code: 0): Class \"Illuminate\\Support\\Collection\" not found at C:\\Users\\Simon Fox\\Herd\\rateshopper\\working copy\\laravel_rate_shopper\\vendor\\laravel\\framework\\src\\Illuminate\\Collections\\helpers.php:18)
[stacktrace]
#0 C:\\Users\\Simon Fox\\Herd\\rateshopper\\working copy\\laravel_rate_shopper\\vendor\\laravel\\framework\\src\\Illuminate\\Log\\LogManager.php(389): collect(Array)
#1 C:\\Users\\Simon Fox\\Herd\\rateshopper\\working copy\\laravel_rate_shopper\\vendor\\laravel\\framework\\src\\Illuminate\\Log\\LogManager.php(222): Illuminate\\Log\\LogManager->createMonologDriver(Array)
#2 C:\\Users\\Simon Fox\\Herd\\rateshopper\\working copy\\laravel_rate_shopper\\vendor\\laravel\\framework\\src\\Illuminate\\Log\\LogManager.php(137): Illuminate\\Log\\LogManager->resolve('deprecations', Array)
#3 C:\\Users\\Simon Fox\\Herd\\rateshopper\\working copy\\laravel_rate_shopper\\vendor\\laravel\\framework\\src\\Illuminate\\Log\\LogManager.php(124): Illuminate\\Log\\LogManager->get('deprecations')
#4 C:\\Users\\Simon Fox\\Herd\\rateshopper\\working copy\\laravel_rate_shopper\\vendor\\laravel\\framework\\src\\Illuminate\\Log\\LogManager.php(113): Illuminate\\Log\\LogManager->driver('deprecations')
#5 C:\\Users\\Simon Fox\\Herd\\rateshopper\\working copy\\laravel_rate_shopper\\vendor\\laravel\\framework\\src\\Illuminate\\Foundation\\Bootstrap\\HandleExceptions.php(102): Illuminate\\Log\\LogManager->channel('deprecations')
#6 C:\\Users\\Simon Fox\\Herd\\rateshopper\\working copy\\laravel_rate_shopper\\vendor\\laravel\\framework\\src\\Illuminate\\Foundation\\Bootstrap\\HandleExceptions.php(71): Illuminate\\Foundation\\Bootstrap\\HandleExceptions->handleDeprecationError('Illuminate\\\\Supp...', 'C:\\\\Users\\\\Simon ...', 565, 8192)
#7 C:\\Users\\Simon Fox\\Herd\\rateshopper\\working copy\\laravel_rate_shopper\\vendor\\laravel\\framework\\src\\Illuminate\\Foundation\\Bootstrap\\HandleExceptions.php(255): Illuminate\\Foundation\\Bootstrap\\HandleExceptions->handleError(8192, 'Illuminate\\\\Supp...', 'C:\\\\Users\\\\Simon ...', 565)
#8 C:\\Users\\Simon Fox\\Herd\\rateshopper\\working copy\\laravel_rate_shopper\\vendor\\composer\\ClassLoader.php(576): Illuminate\\Foundation\\Bootstrap\\HandleExceptions->{closure:Illuminate\\Foundation\\Bootstrap\\HandleExceptions::forwardsTo():254}(8192, 'Illuminate\\\\Supp...', 'C:\\\\Users\\\\Simon ...', 565)
#9 C:\\Users\\Simon Fox\\Herd\\rateshopper\\working copy\\laravel_rate_shopper\\vendor\\composer\\ClassLoader.php(576): include('C:\\\\Users\\\\Simon ...')
#10 C:\\Users\\Simon Fox\\Herd\\rateshopper\\working copy\\laravel_rate_shopper\\vendor\\composer\\ClassLoader.php(427): {closure:Composer\\Autoload\\ClassLoader::initializeIncludeClosure():575}('C:\\\\Users\\\\Simon ...')
#11 C:\\Users\\Simon Fox\\Herd\\rateshopper\\working copy\\laravel_rate_shopper\\vendor\\laravel\\framework\\src\\Illuminate\\Collections\\Collection.php(22): Composer\\Autoload\\ClassLoader->loadClass('Illuminate\\\\Supp...')
#12 C:\\Users\\Simon Fox\\Herd\\rateshopper\\working copy\\laravel_rate_shopper\\vendor\\composer\\ClassLoader.php(576): include('C:\\\\Users\\\\Simon ...')
#13 C:\\Users\\Simon Fox\\Herd\\rateshopper\\working copy\\laravel_rate_shopper\\vendor\\composer\\ClassLoader.php(427): {closure:Composer\\Autoload\\ClassLoader::initializeIncludeClosure():575}('C:\\\\Users\\\\Simon ...')
#14 C:\\Users\\Simon Fox\\Herd\\rateshopper\\working copy\\laravel_rate_shopper\\vendor\\laravel\\framework\\src\\Illuminate\\Collections\\helpers.php(18): Composer\\Autoload\\ClassLoader->loadClass('Illuminate\\\\Supp...')
#15 C:\\Users\\Simon Fox\\Herd\\rateshopper\\working copy\\laravel_rate_shopper\\vendor\\laravel\\framework\\src\\Illuminate\\Foundation\\PackageManifest.php(90): collect(Array)
#16 C:\\Users\\Simon Fox\\Herd\\rateshopper\\working copy\\laravel_rate_shopper\\vendor\\laravel\\framework\\src\\Illuminate\\Foundation\\PackageManifest.php(79): Illuminate\\Foundation\\PackageManifest->config('aliases')
#17 C:\\Users\\Simon Fox\\Herd\\rateshopper\\working copy\\laravel_rate_shopper\\vendor\\laravel\\framework\\src\\Illuminate\\Foundation\\Bootstrap\\RegisterFacades.php(26): Illuminate\\Foundation\\PackageManifest->aliases()
#18 C:\\Users\\Simon Fox\\Herd\\rateshopper\\working copy\\laravel_rate_shopper\\vendor\\laravel\\framework\\src\\Illuminate\\Foundation\\Application.php(263): Illuminate\\Foundation\\Bootstrap\\RegisterFacades->bootstrap(Object(Illuminate\\Foundation\\Application))
#19 C:\\Users\\Simon Fox\\Herd\\rateshopper\\working copy\\laravel_rate_shopper\\vendor\\laravel\\framework\\src\\Illuminate\\Foundation\\Console\\Kernel.php(447): Illuminate\\Foundation\\Application->bootstrapWith(Array)
#20 C:\\Users\\Simon Fox\\Herd\\rateshopper\\working copy\\laravel_rate_shopper\\vendor\\laravel\\framework\\src\\Illuminate\\Foundation\\Console\\Kernel.php(199): Illuminate\\Foundation\\Console\\Kernel->bootstrap()
#21 C:\\Users\\Simon Fox\\Herd\\rateshopper\\working copy\\laravel_rate_shopper\\artisan(35): Illuminate\\Foundation\\Console\\Kernel->handle(Object(Symfony\\Component\\Console\\Input\\ArgvInput), Object(Symfony\\Component\\Console\\Output\\ConsoleOutput))
#22 {main}
"} 
[2026-08-13 16:09:57] laravel.WARNING: Illuminate\Support\Traits\EnumeratesValues::unlessEmpty(): Implicitly marking parameter $default as nullable is deprecated, the explicit nullable type must be used instead in C:\Users\Simon Fox\Herd\rateshopper\working copy\laravel_rate_shopper\vendor\laravel\framework\src\Illuminate\Collections\Traits\EnumeratesValues.php on line 565  
[2026-08-13 16:09:57] laravel.EMERGENCY: Unable to create configured logger. Using emergency logger. {"exception":"[object] (Error(code: 0): Class \"Illuminate\\Support\\Collection\" not found at C:\\Users\\Simon Fox\\Herd\\rateshopper\\working copy\\laravel_rate_shopper\\vendor\\laravel\\framework\\src\\Illuminate\\Collections\\helpers.php:18)
[stacktrace]
#0 C:\\Users\\Simon Fox\\Herd\\rateshopper\\working copy\\laravel_rate_shopper\\vendor\\laravel\\framework\\src\\Illuminate\\Log\\LogManager.php(389): collect(Array)
#1 C:\\Users\\Simon Fox\\Herd\\rateshopper\\working copy\\laravel_rate_shopper\\vendor\\laravel\\framework\\src\\Illuminate\\Log\\LogManager.php(222): Illuminate\\Log\\LogManager->createMonologDriver(Array)
#2 C:\\Users\\Simon Fox\\Herd\\rateshopper\\working copy\\laravel_rate_shopper\\vendor\\laravel\\framework\\src\\Illuminate\\Log\\LogManager.php(137): Illuminate\\Log\\LogManager->resolve('deprecations', Array)
#3 C:\\Users\\Simon Fox\\Herd\\rateshopper\\working copy\\laravel_rate_shopper\\vendor\\laravel\\framework\\src\\Illuminate\\Log\\LogManager.php(124): Illuminate\\Log\\LogManager->get('deprecations')
#4 C:\\Users\\Simon Fox\\Herd\\rateshopper\\working copy\\laravel_rate_shopper\\vendor\\laravel\\framework\\src\\Illuminate\\Log\\LogManager.php(113): Illuminate\\Log\\LogManager->driver('deprecations')
#5 C:\\Users\\Simon Fox\\Herd\\rateshopper\\working copy\\laravel_rate_shopper\\vendor\\laravel\\framework\\src\\Illuminate\\Foundation\\Bootstrap\\HandleExceptions.php(102): Illuminate\\Log\\LogManager->channel('deprecations')
#6 C:\\Users\\Simon Fox\\Herd\\rateshopper\\working copy\\laravel_rate_shopper\\vendor\\laravel\\framework\\src\\Illuminate\\Foundation\\Bootstrap\\HandleExceptions.php(71): Illuminate\\Foundation\\Bootstrap\\HandleExceptions->handleDeprecationError('Illuminate\\\\Supp...', 'C:\\\\Users\\\\Simon ...', 579, 8192)
#7 C:\\Users\\Simon Fox\\Herd\\rateshopper\\working copy\\laravel_rate_shopper\\vendor\\laravel\\framework\\src\\Illuminate\\Foundation\\Bootstrap\\HandleExceptions.php(255): Illuminate\\Foundation\\Bootstrap\\HandleExceptions->handleError(8192, 'Illuminate\\\\Supp...', 'C:\\\\Users\\\\Simon ...', 579)
#8 C:\\Users\\Simon Fox\\Herd\\rateshopper\\working copy\\laravel_rate_shopper\\vendor\\composer\\ClassLoader.php(576): Illuminate\\Foundation\\Bootstrap\\HandleExceptions->{closure:Illuminate\\Foundation\\Bootstrap\\HandleExceptions::forwardsTo():254}(8192, 'Illuminate\\\\Supp...', 'C:\\\\Users\\\\Simon ...', 579)
#9 C:\\Users\\Simon Fox\\Herd\\rateshopper\\working copy\\laravel_rate_shopper\\vendor\\composer\\ClassLoader.php(576): include('C:\\\\Users\\\\Simon ...')
#10 C:\\Users\\Simon Fox\\Herd\\rateshopper\\working copy\\laravel_rate_shopper\\vendor\\composer\\ClassLoader.php(427): {closure:Composer\\Autoload\\ClassLoader::initializeIncludeClosure():575}('C:\\\\Users\\\\Simon ...')
#11 C:\\Users\\Simon Fox\\Herd\\rateshopper\\working copy\\laravel_rate_shopper\\vendor\\laravel\\framework\\src\\Illuminate\\Collections\\Collection.php(22): Composer\\Autoload\\ClassLoader->loadClass('Illuminate\\\\Supp...')
#12 C:\\Users\\Simon Fox\\Herd\\rateshopper\\working copy\\laravel_rate_shopper\\vendor\\composer\\ClassLoader.php(576): include('C:\\\\Users\\\\Simon ...')
#13 C:\\Users\\Simon Fox\\Herd\\rateshopper\\working copy\\laravel_rate_shopper\\vendor\\composer\\ClassLoader.php(427): {closure:Composer\\Autoload\\ClassLoader::initializeIncludeClosure():575}('C:\\\\Users\\\\Simon ...')
#14 C:\\Users\\Simon Fox\\Herd\\rateshopper\\working copy\\laravel_rate_shopper\\vendor\\laravel\\framework\\src\\Illuminate\\Collections\\helpers.php(18): Composer\\Autoload\\ClassLoader->loadClass('Illuminate\\\\Supp...')
#15 C:\\Users\\Simon Fox\\Herd\\rateshopper\\working copy\\laravel_rate_shopper\\vendor\\laravel\\framework\\src\\Illuminate\\Foundation\\PackageManifest.php(90): collect(Array)
#16 C:\\Users\\Simon Fox\\Herd\\rateshopper\\working copy\\laravel_rate_shopper\\vendor\\laravel\\framework\\src\\Illuminate\\Foundation\\PackageManifest.php(79): Illuminate\\Foundation\\PackageManifest->config('aliases')
#17 C:\\Users\\Simon Fox\\Herd\\rateshopper\\working copy\\laravel_rate_shopper\\vendor\\laravel\\framework\\src\\Illuminate\\Foundation\\Bootstrap\\RegisterFacades.php(26): Illuminate\\Foundation\\PackageManifest->aliases()
#18 C:\\Users\\Simon Fox\\Herd\\rateshopper\\working copy\\laravel_rate_shopper\\vendor\\laravel\\framework\\src\\Illuminate\\Foundation\\Application.php(263): Illuminate\\Foundation\\Bootstrap\\RegisterFacades->bootstrap(Object(Illuminate\\Foundation\\Application))
#19 C:\\Users\\Simon Fox\\Herd\\rateshopper\\working copy\\laravel_rate_shopper\\vendor\\laravel\\framework\\src\\Illuminate\\Foundation\\Console\\Kernel.php(447): Illuminate\\Foundation\\Application->bootstrapWith(Array)
#20 C:\\Users\\Simon Fox\\Herd\\rateshopper\\working copy\\laravel_rate_shopper\\vendor\\laravel\\framework\\src\\Illuminate\\Foundation\\Console\\Kernel.php(199): Illuminate\\Foundation\\Console\\Kernel->bootstrap()
#21 C:\\Users\\Simon Fox\\Herd\\rateshopper\\working copy\\laravel_rate_shopper\\artisan(35): Illuminate\\Foundation\\Console\\Kernel->handle(Object(Symfony\\Component\\Console\\Input\\ArgvInput), Object(Symfony\\Component\\Console\\Output\\ConsoleOutput))
#22 {main}
"} 
[2026-08-13 16:09:57] laravel.WARNING: Illuminate\Support\Traits\EnumeratesValues::unlessNotEmpty(): Implicitly marking parameter $default as nullable is deprecated, the explicit nullable type must be used instead in C:\Users\Simon Fox\Herd\rateshopper\working copy\laravel_rate_shopper\vendor\laravel\framework\src\Illuminate\Collections\Traits\EnumeratesValues.php on line 579  
[2026-08-13 16:09:57] laravel.EMERGENCY: Unable to create configured logger. Using emergency logger. {"exception":"[object] (Error(code: 0): Class \"Illuminate\\Support\\Collection\" not found at C:\\Users\\Simon Fox\\Herd\\rateshopper\\working copy\\laravel_rate_shopper\\vendor\\laravel\\framework\\src\\Illuminate\\Collections\\helpers.php:18)
[stacktrace]
#0 C:\\Users\\Simon Fox\\Herd\\rateshopper\\working copy\\laravel_rate_shopper\\vendor\\laravel\\framework\\src\\Illuminate\\Log\\LogManager.php(389): collect(Array)
#1 C:\\Users\\Simon Fox\\Herd\\rateshopper\\working copy\\laravel_rate_shopper\\vendor\\laravel\\framework\\src\\Illuminate\\Log\\LogManager.php(222): Illuminate\\Log\\LogManager->createMonologDriver(Array)
#2 C:\\Users\\Simon Fox\\Herd\\rateshopper\\working copy\\laravel_rate_shopper\\vendor\\laravel\\framework\\src\\Illuminate\\Log\\LogManager.php(137): Illuminate\\Log\\LogManager->resolve('deprecations', Array)
#3 C:\\Users\\Simon Fox\\Herd\\rateshopper\\working copy\\laravel_rate_shopper\\vendor\\laravel\\framework\\src\\Illuminate\\Log\\LogManager.php(124): Illuminate\\Log\\LogManager->get('deprecations')
#4 C:\\Users\\Simon Fox\\Herd\\rateshopper\\working copy\\laravel_rate_shopper\\vendor\\laravel\\framework\\src\\Illuminate\\Log\\LogManager.php(113): Illuminate\\Log\\LogManager->driver('deprecations')
#5 C:\\Users\\Simon Fox\\Herd\\rateshopper\\working copy\\laravel_rate_shopper\\vendor\\laravel\\framework\\src\\Illuminate\\Foundation\\Bootstrap\\HandleExceptions.php(102): Illuminate\\Log\\LogManager->channel('deprecations')
#6 C:\\Users\\Simon Fox\\Herd\\rateshopper\\working copy\\laravel_rate_shopper\\vendor\\laravel\\framework\\src\\Illuminate\\Foundation\\Bootstrap\\HandleExceptions.php(71): Illuminate\\Foundation\\Bootstrap\\HandleExceptions->handleDeprecationError('Illuminate\\\\Supp...', 'C:\\\\Users\\\\Simon ...', 41, 8192)
#7 C:\\Users\\Simon Fox\\Herd\\rateshopper\\working copy\\laravel_rate_shopper\\vendor\\laravel\\framework\\src\\Illuminate\\Foundation\\Bootstrap\\HandleExceptions.php(255): Illuminate\\Foundation\\Bootstrap\\HandleExceptions->handleError(8192, 'Illuminate\\\\Supp...', 'C:\\\\Users\\\\Simon ...', 41)
#8 C:\\Users\\Simon Fox\\Herd\\rateshopper\\working copy\\laravel_rate_shopper\\vendor\\composer\\ClassLoader.php(576): Illuminate\\Foundation\\Bootstrap\\HandleExceptions->{closure:Illuminate\\Foundation\\Bootstrap\\HandleExceptions::forwardsTo():254}(8192, 'Illuminate\\\\Supp...', 'C:\\\\Users\\\\Simon ...', 41)
#9 C:\\Users\\Simon Fox\\Herd\\rateshopper\\working copy\\laravel_rate_shopper\\vendor\\composer\\ClassLoader.php(576): include('C:\\\\Users\\\\Simon ...')
#10 C:\\Users\\Simon Fox\\Herd\\rateshopper\\working copy\\laravel_rate_shopper\\vendor\\composer\\ClassLoader.php(427): {closure:Composer\\Autoload\\ClassLoader::initializeIncludeClosure():575}('C:\\\\Users\\\\Simon ...')
#11 C:\\Users\\Simon Fox\\Herd\\rateshopper\\working copy\\laravel_rate_shopper\\vendor\\laravel\\framework\\src\\Illuminate\\Collections\\Collection.php(22): Composer\\Autoload\\ClassLoader->loadClass('Illuminate\\\\Supp...')
#12 C:\\Users\\Simon Fox\\Herd\\rateshopper\\working copy\\laravel_rate_shopper\\vendor\\composer\\ClassLoader.php(576): include('C:\\\\Users\\\\Simon ...')
#13 C:\\Users\\Simon Fox\\Herd\\rateshopper\\working copy\\laravel_rate_shopper\\vendor\\composer\\ClassLoader.php(427): {closure:Composer\\Autoload\\ClassLoader::initializeIncludeClosure():575}('C:\\\\Users\\\\Simon ...')
#14 C:\\Users\\Simon Fox\\Herd\\rateshopper\\working copy\\laravel_rate_shopper\\vendor\\laravel\\framework\\src\\Illuminate\\Collections\\helpers.php(18): Composer\\Autoload\\ClassLoader->loadClass('Illuminate\\\\Supp...')
#15 C:\\Users\\Simon Fox\\Herd\\rateshopper\\working copy\\laravel_rate_shopper\\vendor\\laravel\\framework\\src\\Illuminate\\Foundation\\PackageManifest.php(90): collect(Array)
#16 C:\\Users\\Simon Fox\\Herd\\rateshopper\\working copy\\laravel_rate_shopper\\vendor\\laravel\\framework\\src\\Illuminate\\Foundation\\PackageManifest.php(79): Illuminate\\Foundation\\PackageManifest->config('aliases')
#17 C:\\Users\\Simon Fox\\Herd\\rateshopper\\working copy\\laravel_rate_shopper\\vendor\\laravel\\framework\\src\\Illuminate\\Foundation\\Bootstrap\\RegisterFacades.php(26): Illuminate\\Foundation\\PackageManifest->aliases()
#18 C:\\Users\\Simon Fox\\Herd\\rateshopper\\working copy\\laravel_rate_shopper\\vendor\\laravel\\framework\\src\\Illuminate\\Foundation\\Application.php(263): Illuminate\\Foundation\\Bootstrap\\RegisterFacades->bootstrap(Object(Illuminate\\Foundation\\Application))
#19 C:\\Users\\Simon Fox\\Herd\\rateshopper\\working copy\\laravel_rate_shopper\\vendor\\laravel\\framework\\src\\Illuminate\\Foundation\\Console\\Kernel.php(447): Illuminate\\Foundation\\Application->bootstrapWith(Array)
#20 C:\\Users\\Simon Fox\\Herd\\rateshopper\\working copy\\laravel_rate_shopper\\vendor\\laravel\\framework\\src\\Illuminate\\Foundation\\Console\\Kernel.php(199): Illuminate\\Foundation\\Console\\Kernel->bootstrap()
#21 C:\\Users\\Simon Fox\\Herd\\rateshopper\\working copy\\laravel_rate_shopper\\artisan(35): Illuminate\\Foundation\\Console\\Kernel->handle(Object(Symfony\\Component\\Console\\Input\\ArgvInput), Object(Symfony\\Component\\Console\\Output\\ConsoleOutput))
#22 {main}
"} 
[2026-08-13 16:09:57] laravel.WARNING: Illuminate\Support\Enumerable::times(): Implicitly marking parameter $callback as nullable is deprecated, the explicit nullable type must be used instead in C:\Users\Simon Fox\Herd\rateshopper\working copy\laravel_rate_shopper\vendor\laravel\framework\src\Illuminate\Collections\Enumerable.php on line 41  
[2026-08-13 16:09:57] laravel.EMERGENCY: Unable to create configured logger. Using emergency logger. {"exception":"[object] (Error(code: 0): Class \"Illuminate\\Support\\Collection\" not found at C:\\Users\\Simon Fox\\Herd\\rateshopper\\working copy\\laravel_rate_shopper\\vendor\\laravel\\framework\\src\\Illuminate\\Collections\\helpers.php:18)
[stacktrace]
#0 C:\\Users\\Simon Fox\\Herd\\rateshopper\\working copy\\laravel_rate_shopper\\vendor\\laravel\\framework\\src\\Illuminate\\Log\\LogManager.php(389): collect(Array)
#1 C:\\Users\\Simon Fox\\Herd\\rateshopper\\working copy\\laravel_rate_shopper\\vendor\\laravel\\framework\\src\\Illuminate\\Log\\LogManager.php(222): Illuminate\\Log\\LogManager->createMonologDriver(Array)
#2 C:\\Users\\Simon Fox\\Herd\\rateshopper\\working copy\\laravel_rate_shopper\\vendor\\laravel\\framework\\src\\Illuminate\\Log\\LogManager.php(137): Illuminate\\Log\\LogManager->resolve('deprecations', Array)
#3 C:\\Users\\Simon Fox\\Herd\\rateshopper\\working copy\\laravel_rate_shopper\\vendor\\laravel\\framework\\src\\Illuminate\\Log\\LogManager.php(124): Illuminate\\Log\\LogManager->get('deprecations')
#4 C:\\Users\\Simon Fox\\Herd\\rateshopper\\working copy\\laravel_rate_shopper\\vendor\\laravel\\framework\\src\\Illuminate\\Log\\LogManager.php(113): Illuminate\\Log\\LogManager->driver('deprecations')
#5 C:\\Users\\Simon Fox\\Herd\\rateshopper\\working copy\\laravel_rate_shopper\\vendor\\laravel\\framework\\src\\Illuminate\\Foundation\\Bootstrap\\HandleExceptions.php(102): Illuminate\\Log\\LogManager->channel('deprecations')
#6 C:\\Users\\Simon Fox\\Herd\\rateshopper\\working copy\\laravel_rate_shopper\\vendor\\laravel\\framework\\src\\Illuminate\\Foundation\\Bootstrap\\HandleExceptions.php(71): Illuminate\\Foundation\\Bootstrap\\HandleExceptions->handleDeprecationError('Illuminate\\\\Supp...', 'C:\\\\Users\\\\Simon ...', 299, 8192)
#7 C:\\Users\\Simon Fox\\Herd\\rateshopper\\working copy\\laravel_rate_shopper\\vendor\\laravel\\framework\\src\\Illuminate\\Foundation\\Bootstrap\\HandleExceptions.php(255): Illuminate\\Foundation\\Bootstrap\\HandleExceptions->handleError(8192, 'Illuminate\\\\Supp...', 'C:\\\\Users\\\\Simon ...', 299)
#8 C:\\Users\\Simon Fox\\Herd\\rateshopper\\working copy\\laravel_rate_shopper\\vendor\\composer\\ClassLoader.php(576): Illuminate\\Foundation\\Bootstrap\\HandleExceptions->{closure:Illuminate\\Foundation\\Bootstrap\\HandleExceptions::forwardsTo():254}(8192, 'Illuminate\\\\Supp...', 'C:\\\\Users\\\\Simon ...', 299)
#9 C:\\Users\\Simon Fox\\Herd\\rateshopper\\working copy\\laravel_rate_shopper\\vendor\\composer\\ClassLoader.php(576): include('C:\\\\Users\\\\Simon ...')
#10 C:\\Users\\Simon Fox\\Herd\\rateshopper\\working copy\\laravel_rate_shopper\\vendor\\composer\\ClassLoader.php(427): {closure:Composer\\Autoload\\ClassLoader::initializeIncludeClosure():575}('C:\\\\Users\\\\Simon ...')
#11 C:\\Users\\Simon Fox\\Herd\\rateshopper\\working copy\\laravel_rate_shopper\\vendor\\laravel\\framework\\src\\Illuminate\\Collections\\Collection.php(22): Composer\\Autoload\\ClassLoader->loadClass('Illuminate\\\\Supp...')
#12 C:\\Users\\Simon Fox\\Herd\\rateshopper\\working copy\\laravel_rate_shopper\\vendor\\composer\\ClassLoader.php(576): include('C:\\\\Users\\\\Simon ...')
#13 C:\\Users\\Simon Fox\\Herd\\rateshopper\\working copy\\laravel_rate_shopper\\vendor\\composer\\ClassLoader.php(427): {closure:Composer\\Autoload\\ClassLoader::initializeIncludeClosure():575}('C:\\\\Users\\\\Simon ...')
#14 C:\\Users\\Simon Fox\\Herd\\rateshopper\\working copy\\laravel_rate_shopper\\vendor\\laravel\\framework\\src\\Illuminate\\Collections\\helpers.php(18): Composer\\Autoload\\ClassLoader->loadClass('Illuminate\\\\Supp...')
#15 C:\\Users\\Simon Fox\\Herd\\rateshopper\\working copy\\laravel_rate_shopper\\vendor\\laravel\\framework\\src\\Illuminate\\Foundation\\PackageManifest.php(90): collect(Array)
#16 C:\\Users\\Simon Fox\\Herd\\rateshopper\\working copy\\laravel_rate_shopper\\vendor\\laravel\\framework\\src\\Illuminate\\Foundation\\PackageManifest.php(79): Illuminate\\Foundation\\PackageManifest->config('aliases')
#17 C:\\Users\\Simon Fox\\Herd\\rateshopper\\working copy\\laravel_rate_shopper\\vendor\\laravel\\framework\\src\\Illuminate\\Foundation\\Bootstrap\\RegisterFacades.php(26): Illuminate\\Foundation\\PackageManifest->aliases()
#18 C:\\Users\\Simon Fox\\Herd\\rateshopper\\working copy\\laravel_rate_shopper\\vendor\\laravel\\framework\\src\\Illuminate\\Foundation\\Application.php(263): Illuminate\\Foundation\\Bootstrap\\RegisterFacades->bootstrap(Object(Illuminate\\Foundation\\Application))
#19 C:\\Users\\Simon Fox\\Herd\\rateshopper\\working copy\\laravel_rate_shopper\\vendor\\laravel\\framework\\src\\Illuminate\\Foundation\\Console\\Kernel.php(447): Illuminate\\Foundation\\Application->bootstrapWith(Array)
#20 C:\\Users\\Simon Fox\\Herd\\rateshopper\\working copy\\laravel_rate_shopper\\vendor\\laravel\\framework\\src\\Illuminate\\Foundation\\Console\\Kernel.php(199): Illuminate\\Foundation\\Console\\Kernel->bootstrap()
#21 C:\\Users\\Simon Fox\\Herd\\rateshopper\\working copy\\laravel_rate_shopper\\artisan(35): Illuminate\\Foundation\\Console\\Kernel->handle(Object(Symfony\\Component\\Console\\Input\\ArgvInput), Object(Symfony\\Component\\Console\\Output\\ConsoleOutput))
#22 {main}
"} 
[2026-08-13 16:09:57] laravel.WARNING: Illuminate\Support\Enumerable::filter(): Implicitly marking parameter $callback as nullable is deprecated, the explicit nullable type must be used instead in C:\Users\Simon Fox\Herd\rateshopper\working copy\laravel_rate_shopper\vendor\laravel\framework\src\Illuminate\Collections\Enumerable.php on line 299  
[2026-08-13 16:09:57] laravel.EMERGENCY: Unable to create configured logger. Using emergency logger. {"exception":"[object] (Error(code: 0): Class \"Illuminate\\Support\\Collection\" not found at C:\\Users\\Simon Fox\\Herd\\rateshopper\\working copy\\laravel_rate_shopper\\vendor\\laravel\\framework\\src\\Illuminate\\Collections\\helpers.php:18)
[stacktrace]
#0 C:\\Users\\Simon Fox\\Herd\\rateshopper\\working copy\\laravel_rate_shopper\\vendor\\laravel\\framework\\src\\Illuminate\\Log\\LogManager.php(389): collect(Array)
#1 C:\\Users\\Simon Fox\\Herd\\rateshopper\\working copy\\laravel_rate_shopper\\vendor\\laravel\\framework\\src\\Illuminate\\Log\\LogManager.php(222): Illuminate\\Log\\LogManager->createMonologDriver(Array)
#2 C:\\Users\\Simon Fox\\Herd\\rateshopper\\working copy\\laravel_rate_shopper\\vendor\\laravel\\framework\\src\\Illuminate\\Log\\LogManager.php(137): Illuminate\\Log\\LogManager->resolve('deprecations', Array)
#3 C:\\Users\\Simon Fox\\Herd\\rateshopper\\working copy\\laravel_rate_shopper\\vendor\\laravel\\framework\\src\\Illuminate\\Log\\LogManager.php(124): Illuminate\\Log\\LogManager->get('deprecations')
#4 C:\\Users\\Simon Fox\\Herd\\rateshopper\\working copy\\laravel_rate_shopper\\vendor\\laravel\\framework\\src\\Illuminate\\Log\\LogManager.php(113): Illuminate\\Log\\LogManager->driver('deprecations')
#5 C:\\Users\\Simon Fox\\Herd\\rateshopper\\working copy\\laravel_rate_shopper\\vendor\\laravel\\framework\\src\\Illuminate\\Foundation\\Bootstrap\\HandleExceptions.php(102): Illuminate\\Log\\LogManager->channel('deprecations')
#6 C:\\Users\\Simon Fox\\Herd\\rateshopper\\working copy\\laravel_rate_shopper\\vendor\\laravel\\framework\\src\\Illuminate\\Foundation\\Bootstrap\\HandleExceptions.php(71): Illuminate\\Foundation\\Bootstrap\\HandleExceptions->handleDeprecationError('Illuminate\\\\Supp...', 'C:\\\\Users\\\\Simon ...', 311, 8192)
#7 C:\\Users\\Simon Fox\\Herd\\rateshopper\\working copy\\laravel_rate_shopper\\vendor\\laravel\\framework\\src\\Illuminate\\Foundation\\Bootstrap\\HandleExceptions.php(255): Illuminate\\Foundation\\Bootstrap\\HandleExceptions->handleError(8192, 'Illuminate\\\\Supp...', 'C:\\\\Users\\\\Simon ...', 311)
#8 C:\\Users\\Simon Fox\\Herd\\rateshopper\\working copy\\laravel_rate_shopper\\vendor\\composer\\ClassLoader.php(576): Illuminate\\Foundation\\Bootstrap\\HandleExceptions->{closure:Illuminate\\Foundation\\Bootstrap\\HandleExceptions::forwardsTo():254}(8192, 'Illuminate\\\\Supp...', 'C:\\\\Users\\\\Simon ...', 311)
#9 C:\\Users\\Simon Fox\\Herd\\rateshopper\\working copy\\laravel_rate_shopper\\vendor\\composer\\ClassLoader.php(576): include('C:\\\\Users\\\\Simon ...')
#10 C:\\Users\\Simon Fox\\Herd\\rateshopper\\working copy\\laravel_rate_shopper\\vendor\\composer\\ClassLoader.php(427): {closure:Composer\\Autoload\\ClassLoader::initializeIncludeClosure():575}('C:\\\\Users\\\\Simon ...')
#11 C:\\Users\\Simon Fox\\Herd\\rateshopper\\working copy\\laravel_rate_shopper\\vendor\\laravel\\framework\\src\\Illuminate\\Collections\\Collection.php(22): Composer\\Autoload\\ClassLoader->loadClass('Illuminate\\\\Supp...')
#12 C:\\Users\\Simon Fox\\Herd\\rateshopper\\working copy\\laravel_rate_shopper\\vendor\\composer\\ClassLoader.php(576): include('C:\\\\Users\\\\Simon ...')
#13 C:\\Users\\Simon Fox\\Herd\\rateshopper\\working copy\\laravel_rate_shopper\\vendor\\composer\\ClassLoader.php(427): {closure:Composer\\Autoload\\ClassLoader::initializeIncludeClosure():575}('C:\\\\Users\\\\Simon ...')
#14 C:\\Users\\Simon Fox\\Herd\\rateshopper\\working copy\\laravel_rate_shopper\\vendor\\laravel\\framework\\src\\Illuminate\\Collections\\helpers.php(18): Composer\\Autoload\\ClassLoader->loadClass('Illuminate\\\\Supp...')
#15 C:\\Users\\Simon Fox\\Herd\\rateshopper\\working copy\\laravel_rate_shopper\\vendor\\laravel\\framework\\src\\Illuminate\\Foundation\\PackageManifest.php(90): collect(Array)
#16 C:\\Users\\Simon Fox\\Herd\\rateshopper\\working copy\\laravel_rate_shopper\\vendor\\laravel\\framework\\src\\Illuminate\\Foundation\\PackageManifest.php(79): Illuminate\\Foundation\\PackageManifest->config('aliases')
#17 C:\\Users\\Simon Fox\\Herd\\rateshopper\\working copy\\laravel_rate_shopper\\vendor\\laravel\\framework\\src\\Illuminate\\Foundation\\Bootstrap\\RegisterFacades.php(26): Illuminate\\Foundation\\PackageManifest->aliases()
#18 C:\\Users\\Simon Fox\\Herd\\rateshopper\\working copy\\laravel_rate_shopper\\vendor\\laravel\\framework\\src\\Illuminate\\Foundation\\Application.php(263): Illuminate\\Foundation\\Bootstrap\\RegisterFacades->bootstrap(Object(Illuminate\\Foundation\\Application))
#19 C:\\Users\\Simon Fox\\Herd\\rateshopper\\working copy\\laravel_rate_shopper\\vendor\\laravel\\framework\\src\\Illuminate\\Foundation\\Console\\Kernel.php(447): Illuminate\\Foundation\\Application->bootstrapWith(Array)
#20 C:\\Users\\Simon Fox\\Herd\\rateshopper\\working copy\\laravel_rate_shopper\\vendor\\laravel\\framework\\src\\Illuminate\\Foundation\\Console\\Kernel.php(199): Illuminate\\Foundation\\Console\\Kernel->bootstrap()
#21 C:\\Users\\Simon Fox\\Herd\\rateshopper\\working copy\\laravel_rate_shopper\\artisan(35): Illuminate\\Foundation\\Console\\Kernel->handle(Object(Symfony\\Component\\Console\\Input\\ArgvInput), Object(Symfony\\Component\\Console\\Output\\ConsoleOutput))
#22 {main}
"} 
[2026-08-13 16:09:57] laravel.WARNING: Illuminate\Support\Enumerable::when(): Implicitly marking parameter $callback as nullable is deprecated, the explicit nullable type must be used instead in C:\Users\Simon Fox\Herd\rateshopper\working copy\laravel_rate_shopper\vendor\laravel\framework\src\Illuminate\Collections\Enumerable.php on line 311  
[2026-08-13 16:09:57] laravel.EMERGENCY: Unable to create configured logger. Using emergency logger. {"exception":"[object] (Error(code: 0): Class \"Illuminate\\Support\\Collection\" not found at C:\\Users\\Simon Fox\\Herd\\rateshopper\\working copy\\laravel_rate_shopper\\vendor\\laravel\\framework\\src\\Illuminate\\Collections\\helpers.php:18)
[stacktrace]
#0 C:\\Users\\Simon Fox\\Herd\\rateshopper\\working copy\\laravel_rate_shopper\\vendor\\laravel\\framework\\src\\Illuminate\\Log\\LogManager.php(389): collect(Array)
#1 C:\\Users\\Simon Fox\\Herd\\rateshopper\\working copy\\laravel_rate_shopper\\vendor\\laravel\\framework\\src\\Illuminate\\Log\\LogManager.php(222): Illuminate\\Log\\LogManager->createMonologDriver(Array)
#2 C:\\Users\\Simon Fox\\Herd\\rateshopper\\working copy\\laravel_rate_shopper\\vendor\\laravel\\framework\\src\\Illuminate\\Log\\LogManager.php(137): Illuminate\\Log\\LogManager->resolve('deprecations', Array)
#3 C:\\Users\\Simon Fox\\Herd\\rateshopper\\working copy\\laravel_rate_shopper\\vendor\\laravel\\framework\\src\\Illuminate\\Log\\LogManager.php(124): Illuminate\\Log\\LogManager->get('deprecations')
#4 C:\\Users\\Simon Fox\\Herd\\rateshopper\\working copy\\laravel_rate_shopper\\vendor\\laravel\\framework\\src\\Illuminate\\Log\\LogManager.php(113): Illuminate\\Log\\LogManager->driver('deprecations')
#5 C:\\Users\\Simon Fox\\Herd\\rateshopper\\working copy\\laravel_rate_shopper\\vendor\\laravel\\framework\\src\\Illuminate\\Foundation\\Bootstrap\\HandleExceptions.php(102): Illuminate\\Log\\LogManager->channel('deprecations')
#6 C:\\Users\\Simon Fox\\Herd\\rateshopper\\working copy\\laravel_rate_shopper\\vendor\\laravel\\framework\\src\\Illuminate\\Foundation\\Bootstrap\\HandleExceptions.php(71): Illuminate\\Foundation\\Bootstrap\\HandleExceptions->handleDeprecationError('Illuminate\\\\Supp...', 'C:\\\\Users\\\\Simon ...', 311, 8192)
#7 C:\\Users\\Simon Fox\\Herd\\rateshopper\\working copy\\laravel_rate_shopper\\vendor\\laravel\\framework\\src\\Illuminate\\Foundation\\Bootstrap\\HandleExceptions.php(255): Illuminate\\Foundation\\Bootstrap\\HandleExceptions->handleError(8192, 'Illuminate\\\\Supp...', 'C:\\\\Users\\\\Simon ...', 311)
#8 C:\\Users\\Simon Fox\\Herd\\rateshopper\\working copy\\laravel_rate_shopper\\vendor\\composer\\ClassLoader.php(576): Illuminate\\Foundation\\Bootstrap\\HandleExceptions->{closure:Illuminate\\Foundation\\Bootstrap\\HandleExceptions::forwardsTo():254}(8192, 'Illuminate\\\\Supp...', 'C:\\\\Users\\\\Simon ...', 311)
#9 C:\\Users\\Simon Fox\\Herd\\rateshopper\\working copy\\laravel_rate_shopper\\vendor\\composer\\ClassLoader.php(576): include('C:\\\\Users\\\\Simon ...')
#10 C:\\Users\\Simon Fox\\Herd\\rateshopper\\working copy\\laravel_rate_shopper\\vendor\\composer\\ClassLoader.php(427): {closure:Composer\\Autoload\\ClassLoader::initializeIncludeClosure():575}('C:\\\\Users\\\\Simon ...')
#11 C:\\Users\\Simon Fox\\Herd\\rateshopper\\working copy\\laravel_rate_shopper\\vendor\\laravel\\framework\\src\\Illuminate\\Collections\\Collection.php(22): Composer\\Autoload\\ClassLoader->loadClass('Illuminate\\\\Supp...')
#12 C:\\Users\\Simon Fox\\Herd\\rateshopper\\working copy\\laravel_rate_shopper\\vendor\\composer\\ClassLoader.php(576): include('C:\\\\Users\\\\Simon ...')
#13 C:\\Users\\Simon Fox\\Herd\\rateshopper\\working copy\\laravel_rate_shopper\\vendor\\composer\\ClassLoader.php(427): {closure:Composer\\Autoload\\ClassLoader::initializeIncludeClosure():575}('C:\\\\Users\\\\Simon ...')
#14 C:\\Users\\Simon Fox\\Herd\\rateshopper\\working copy\\laravel_rate_shopper\\vendor\\laravel\\framework\\src\\Illuminate\\Collections\\helpers.php(18): Composer\\Autoload\\ClassLoader->loadClass('Illuminate\\\\Supp...')
#15 C:\\Users\\Simon Fox\\Herd\\rateshopper\\working copy\\laravel_rate_shopper\\vendor\\laravel\\framework\\src\\Illuminate\\Foundation\\PackageManifest.php(90): collect(Array)
#16 C:\\Users\\Simon Fox\\Herd\\rateshopper\\working copy\\laravel_rate_shopper\\vendor\\laravel\\framework\\src\\Illuminate\\Foundation\\PackageManifest.php(79): Illuminate\\Foundation\\PackageManifest->config('aliases')
#17 C:\\Users\\Simon Fox\\Herd\\rateshopper\\working copy\\laravel_rate_shopper\\vendor\\laravel\\framework\\src\\Illuminate\\Foundation\\Bootstrap\\RegisterFacades.php(26): Illuminate\\Foundation\\PackageManifest->aliases()
#18 C:\\Users\\Simon Fox\\Herd\\rateshopper\\working copy\\laravel_rate_shopper\\vendor\\laravel\\framework\\src\\Illuminate\\Foundation\\Application.php(263): Illuminate\\Foundation\\Bootstrap\\RegisterFacades->bootstrap(Object(Illuminate\\Foundation\\Application))
#19 C:\\Users\\Simon Fox\\Herd\\rateshopper\\working copy\\laravel_rate_shopper\\vendor\\laravel\\framework\\src\\Illuminate\\Foundation\\Console\\Kernel.php(447): Illuminate\\Foundation\\Application->bootstrapWith(Array)
#20 C:\\Users\\Simon Fox\\Herd\\rateshopper\\working copy\\laravel_rate_shopper\\vendor\\laravel\\framework\\src\\Illuminate\\Foundation\\Console\\Kernel.php(199): Illuminate\\Foundation\\Console\\Kernel->bootstrap()
#21 C:\\Users\\Simon Fox\\Herd\\rateshopper\\working copy\\laravel_rate_shopper\\artisan(35): Illuminate\\Foundation\\Console\\Kernel->handle(Object(Symfony\\Component\\Console\\Input\\ArgvInput), Object(Symfony\\Component\\Console\\Output\\ConsoleOutput))
#22 {main}
"} 
[2026-08-13 16:09:57] laravel.WARNING: Illuminate\Support\Enumerable::when(): Implicitly marking parameter $default as nullable is deprecated, the explicit nullable type must be used instead in C:\Users\Simon Fox\Herd\rateshopper\working copy\laravel_rate_shopper\vendor\laravel\framework\src\Illuminate\Collections\Enumerable.php on line 311  
[2026-08-13 16:09:57] laravel.EMERGENCY: Unable to create configured logger. Using emergency logger. {"exception":"[object] (Error(code: 0): Class \"Illuminate\\Support\\Collection\" not found at C:\\Users\\Simon Fox\\Herd\\rateshopper\\working copy\\laravel_rate_shopper\\vendor\\laravel\\framework\\src\\Illuminate\\Collections\\helpers.php:18)
[stacktrace]
#0 C:\\Users\\Simon Fox\\Herd\\rateshopper\\working copy\\laravel_rate_shopper\\vendor\\laravel\\framework\\src\\Illuminate\\Log\\LogManager.php(389): collect(Array)
#1 C:\\Users\\Simon Fox\\Herd\\rateshopper\\working copy\\laravel_rate_shopper\\vendor\\laravel\\framework\\src\\Illuminate\\Log\\LogManager.php(222): Illuminate\\Log\\LogManager->createMonologDriver(Array)
#2 C:\\Users\\Simon Fox\\Herd\\rateshopper\\working copy\\laravel_rate_shopper\\vendor\\laravel\\framework\\src\\Illuminate\\Log\\LogManager.php(137): Illuminate\\Log\\LogManager->resolve('deprecations', Array)
#3 C:\\Users\\Simon Fox\\Herd\\rateshopper\\working copy\\laravel_rate_shopper\\vendor\\laravel\\framework\\src\\Illuminate\\Log\\LogManager.php(124): Illuminate\\Log\\LogManager->get('deprecations')
#4 C:\\Users\\Simon Fox\\Herd\\rateshopper\\working copy\\laravel_rate_shopper\\vendor\\laravel\\framework\\src\\Illuminate\\Log\\LogManager.php(113): Illuminate\\Log\\LogManager->driver('deprecations')
#5 C:\\Users\\Simon Fox\\Herd\\rateshopper\\working copy\\laravel_rate_shopper\\vendor\\laravel\\framework\\src\\Illuminate\\Foundation\\Bootstrap\\HandleExceptions.php(102): Illuminate\\Log\\LogManager->channel('deprecations')
#6 C:\\Users\\Simon Fox\\Herd\\rateshopper\\working copy\\laravel_rate_shopper\\vendor\\laravel\\framework\\src\\Illuminate\\Foundation\\Bootstrap\\HandleExceptions.php(71): Illuminate\\Foundation\\Bootstrap\\HandleExceptions->handleDeprecationError('Illuminate\\\\Supp...', 'C:\\\\Users\\\\Simon ...', 322, 8192)
#7 C:\\Users\\Simon Fox\\Herd\\rateshopper\\working copy\\laravel_rate_shopper\\vendor\\laravel\\framework\\src\\Illuminate\\Foundation\\Bootstrap\\HandleExceptions.php(255): Illuminate\\Foundation\\Bootstrap\\HandleExceptions->handleError(8192, 'Illuminate\\\\Supp...', 'C:\\\\Users\\\\Simon ...', 322)
#8 C:\\Users\\Simon Fox\\Herd\\rateshopper\\working copy\\laravel_rate_shopper\\vendor\\composer\\ClassLoader.php(576): Illuminate\\Foundation\\Bootstrap\\HandleExceptions->{closure:Illuminate\\Foundation\\Bootstrap\\HandleExceptions::forwardsTo():254}(8192, 'Illuminate\\\\Supp...', 'C:\\\\Users\\\\Simon ...', 322)
#9 C:\\Users\\Simon Fox\\Herd\\rateshopper\\working copy\\laravel_rate_shopper\\vendor\\composer\\ClassLoader.php(576): include('C:\\\\Users\\\\Simon ...')
#10 C:\\Users\\Simon Fox\\Herd\\rateshopper\\working copy\\laravel_rate_shopper\\vendor\\composer\\ClassLoader.php(427): {closure:Composer\\Autoload\\ClassLoader::initializeIncludeClosure():575}('C:\\\\Users\\\\Simon ...')
#11 C:\\Users\\Simon Fox\\Herd\\rateshopper\\working copy\\laravel_rate_shopper\\vendor\\laravel\\framework\\src\\Illuminate\\Collections\\Collection.php(22): Composer\\Autoload\\ClassLoader->loadClass('Illuminate\\\\Supp...')
#12 C:\\Users\\Simon Fox\\Herd\\rateshopper\\working copy\\laravel_rate_shopper\\vendor\\composer\\ClassLoader.php(576): include('C:\\\\Users\\\\Simon ...')
#13 C:\\Users\\Simon Fox\\Herd\\rateshopper\\working copy\\laravel_rate_shopper\\vendor\\composer\\ClassLoader.php(427): {closure:Composer\\Autoload\\ClassLoader::initializeIncludeClosure():575}('C:\\\\Users\\\\Simon ...')
#14 C:\\Users\\Simon Fox\\Herd\\rateshopper\\working copy\\laravel_rate_shopper\\vendor\\laravel\\framework\\src\\Illuminate\\Collections\\helpers.php(18): Composer\\Autoload\\ClassLoader->loadClass('Illuminate\\\\Supp...')
#15 C:\\Users\\Simon Fox\\Herd\\rateshopper\\working copy\\laravel_rate_shopper\\vendor\\laravel\\framework\\src\\Illuminate\\Foundation\\PackageManifest.php(90): collect(Array)
#16 C:\\Users\\Simon Fox\\Herd\\rateshopper\\working copy\\laravel_rate_shopper\\vendor\\laravel\\framework\\src\\Illuminate\\Foundation\\PackageManifest.php(79): Illuminate\\Foundation\\PackageManifest->config('aliases')
#17 C:\\Users\\Simon Fox\\Herd\\rateshopper\\working copy\\laravel_rate_shopper\\vendor\\laravel\\framework\\src\\Illuminate\\Foundation\\Bootstrap\\RegisterFacades.php(26): Illuminate\\Foundation\\PackageManifest->aliases()
#18 C:\\Users\\Simon Fox\\Herd\\rateshopper\\working copy\\laravel_rate_shopper\\vendor\\laravel\\framework\\src\\Illuminate\\Foundation\\Application.php(263): Illuminate\\Foundation\\Bootstrap\\RegisterFacades->bootstrap(Object(Illuminate\\Foundation\\Application))
#19 C:\\Users\\Simon Fox\\Herd\\rateshopper\\working copy\\laravel_rate_shopper\\vendor\\laravel\\framework\\src\\Illuminate\\Foundation\\Console\\Kernel.php(447): Illuminate\\Foundation\\Application->bootstrapWith(Array)
#20 C:\\Users\\Simon Fox\\Herd\\rateshopper\\working copy\\laravel_rate_shopper\\vendor\\laravel\\framework\\src\\Illuminate\\Foundation\\Console\\Kernel.php(199): Illuminate\\Foundation\\Console\\Kernel->bootstrap()
#21 C:\\Users\\Simon Fox\\Herd\\rateshopper\\working copy\\laravel_rate_shopper\\artisan(35): Illuminate\\Foundation\\Console\\Kernel->handle(Object(Symfony\\Component\\Console\\Input\\ArgvInput), Object(Symfony\\Component\\Console\\Output\\ConsoleOutput))
#22 {main}
"} 
[2026-08-13 16:09:57] laravel.WARNING: Illuminate\Support\Enumerable::whenEmpty(): Implicitly marking parameter $default as nullable is deprecated, the explicit nullable type must be used instead in C:\Users\Simon Fox\Herd\rateshopper\working copy\laravel_rate_shopper\vendor\laravel\framework\src\Illuminate\Collections\Enumerable.php on line 322  
[2026-08-13 16:09:57] laravel.EMERGENCY: Unable to create configured logger. Using emergency logger. {"exception":"[object] (Error(code: 0): Class \"Illuminate\\Support\\Collection\" not found at C:\\Users\\Simon Fox\\Herd\\rateshopper\\working copy\\laravel_rate_shopper\\vendor\\laravel\\framework\\src\\Illuminate\\Collections\\helpers.php:18)
[stacktrace]
#0 C:\\Users\\Simon Fox\\Herd\\rateshopper\\working copy\\laravel_rate_shopper\\vendor\\laravel\\framework\\src\\Illuminate\\Log\\LogManager.php(389): collect(Array)
#1 C:\\Users\\Simon Fox\\Herd\\rateshopper\\working copy\\laravel_rate_shopper\\vendor\\laravel\\framework\\src\\Illuminate\\Log\\LogManager.php(222): Illuminate\\Log\\LogManager->createMonologDriver(Array)
#2 C:\\Users\\Simon Fox\\Herd\\rateshopper\\working copy\\laravel_rate_shopper\\vendor\\laravel\\framework\\src\\Illuminate\\Log\\LogManager.php(137): Illuminate\\Log\\LogManager->resolve('deprecations', Array)
#3 C:\\Users\\Simon Fox\\Herd\\rateshopper\\working copy\\laravel_rate_shopper\\vendor\\laravel\\framework\\src\\Illuminate\\Log\\LogManager.php(124): Illuminate\\Log\\LogManager->get('deprecations')
#4 C:\\Users\\Simon Fox\\Herd\\rateshopper\\working copy\\laravel_rate_shopper\\vendor\\laravel\\framework\\src\\Illuminate\\Log\\LogManager.php(113): Illuminate\\Log\\LogManager->driver('deprecations')
#5 C:\\Users\\Simon Fox\\Herd\\rateshopper\\working copy\\laravel_rate_shopper\\vendor\\laravel\\framework\\src\\Illuminate\\Foundation\\Bootstrap\\HandleExceptions.php(102): Illuminate\\Log\\LogManager->channel('deprecations')
#6 C:\\Users\\Simon Fox\\Herd\\rateshopper\\working copy\\laravel_rate_shopper\\vendor\\laravel\\framework\\src\\Illuminate\\Foundation\\Bootstrap\\HandleExceptions.php(71): Illuminate\\Foundation\\Bootstrap\\HandleExceptions->handleDeprecationError('Illuminate\\\\Supp...', 'C:\\\\Users\\\\Simon ...', 333, 8192)
#7 C:\\Users\\Simon Fox\\Herd\\rateshopper\\working copy\\laravel_rate_shopper\\vendor\\laravel\\framework\\src\\Illuminate\\Foundation\\Bootstrap\\HandleExceptions.php(255): Illuminate\\Foundation\\Bootstrap\\HandleExceptions->handleError(8192, 'Illuminate\\\\Supp...', 'C:\\\\Users\\\\Simon ...', 333)
#8 C:\\Users\\Simon Fox\\Herd\\rateshopper\\working copy\\laravel_rate_shopper\\vendor\\composer\\ClassLoader.php(576): Illuminate\\Foundation\\Bootstrap\\HandleExceptions->{closure:Illuminate\\Foundation\\Bootstrap\\HandleExceptions::forwardsTo():254}(8192, 'Illuminate\\\\Supp...', 'C:\\\\Users\\\\Simon ...', 333)
#9 C:\\Users\\Simon Fox\\Herd\\rateshopper\\working copy\\laravel_rate_shopper\\vendor\\composer\\ClassLoader.php(576): include('C:\\\\Users\\\\Simon ...')
#10 C:\\Users\\Simon Fox\\Herd\\rateshopper\\working copy\\laravel_rate_shopper\\vendor\\composer\\ClassLoader.php(427): {closure:Composer\\Autoload\\ClassLoader::initializeIncludeClosure():575}('C:\\\\Users\\\\Simon ...')
#11 C:\\Users\\Simon Fox\\Herd\\rateshopper\\working copy\\laravel_rate_shopper\\vendor\\laravel\\framework\\src\\Illuminate\\Collections\\Collection.php(22): Composer\\Autoload\\ClassLoader->loadClass('Illuminate\\\\Supp...')
#12 C:\\Users\\Simon Fox\\Herd\\rateshopper\\working copy\\laravel_rate_shopper\\vendor\\composer\\ClassLoader.php(576): include('C:\\\\Users\\\\Simon ...')
#13 C:\\Users\\Simon Fox\\Herd\\rateshopper\\working copy\\laravel_rate_shopper\\vendor\\composer\\ClassLoader.php(427): {closure:Composer\\Autoload\\ClassLoader::initializeIncludeClosure():575}('C:\\\\Users\\\\Simon ...')
#14 C:\\Users\\Simon Fox\\Herd\\rateshopper\\working copy\\laravel_rate_shopper\\vendor\\laravel\\framework\\src\\Illuminate\\Collections\\helpers.php(18): Composer\\Autoload\\ClassLoader->loadClass('Illuminate\\\\Supp...')
#15 C:\\Users\\Simon Fox\\Herd\\rateshopper\\working copy\\laravel_rate_shopper\\vendor\\laravel\\framework\\src\\Illuminate\\Foundation\\PackageManifest.php(90): collect(Array)
#16 C:\\Users\\Simon Fox\\Herd\\rateshopper\\working copy\\laravel_rate_shopper\\vendor\\laravel\\framework\\src\\Illuminate\\Foundation\\PackageManifest.php(79): Illuminate\\Foundation\\PackageManifest->config('aliases')
#17 C:\\Users\\Simon Fox\\Herd\\rateshopper\\working copy\\laravel_rate_shopper\\vendor\\laravel\\framework\\src\\Illuminate\\Foundation\\Bootstrap\\RegisterFacades.php(26): Illuminate\\Foundation\\PackageManifest->aliases()
#18 C:\\Users\\Simon Fox\\Herd\\rateshopper\\working copy\\laravel_rate_shopper\\vendor\\laravel\\framework\\src\\Illuminate\\Foundation\\Application.php(263): Illuminate\\Foundation\\Bootstrap\\RegisterFacades->bootstrap(Object(Illuminate\\Foundation\\Application))
#19 C:\\Users\\Simon Fox\\Herd\\rateshopper\\working copy\\laravel_rate_shopper\\vendor\\laravel\\framework\\src\\Illuminate\\Foundation\\Console\\Kernel.php(447): Illuminate\\Foundation\\Application->bootstrapWith(Array)
#20 C:\\Users\\Simon Fox\\Herd\\rateshopper\\working copy\\laravel_rate_shopper\\vendor\\laravel\\framework\\src\\Illuminate\\Foundation\\Console\\Kernel.php(199): Illuminate\\Foundation\\Console\\Kernel->bootstrap()
#21 C:\\Users\\Simon Fox\\Herd\\rateshopper\\working copy\\laravel_rate_shopper\\artisan(35): Illuminate\\Foundation\\Console\\Kernel->handle(Object(Symfony\\Component\\Console\\Input\\ArgvInput), Object(Symfony\\Component\\Console\\Output\\ConsoleOutput))
#22 {main}
"} 
[2026-08-13 16:09:57] laravel.WARNING: Illuminate\Support\Enumerable::whenNotEmpty(): Implicitly marking parameter $default as nullable is deprecated, the explicit nullable type must be used instead in C:\Users\Simon Fox\Herd\rateshopper\working copy\laravel_rate_shopper\vendor\laravel\framework\src\Illuminate\Collections\Enumerable.php on line 333  
[2026-08-13 16:09:57] laravel.EMERGENCY: Unable to create configured logger. Using emergency logger. {"exception":"[object] (Error(code: 0): Class \"Illuminate\\Support\\Collection\" not found at C:\\Users\\Simon Fox\\Herd\\rateshopper\\working copy\\laravel_rate_shopper\\vendor\\laravel\\framework\\src\\Illuminate\\Collections\\helpers.php:18)
[stacktrace]
#0 C:\\Users\\Simon Fox\\Herd\\rateshopper\\working copy\\laravel_rate_shopper\\vendor\\laravel\\framework\\src\\Illuminate\\Log\\LogManager.php(389): collect(Array)
#1 C:\\Users\\Simon Fox\\Herd\\rateshopper\\working copy\\laravel_rate_shopper\\vendor\\laravel\\framework\\src\\Illuminate\\Log\\LogManager.php(222): Illuminate\\Log\\LogManager->createMonologDriver(Array)
#2 C:\\Users\\Simon Fox\\Herd\\rateshopper\\working copy\\laravel_rate_shopper\\vendor\\laravel\\framework\\src\\Illuminate\\Log\\LogManager.php(137): Illuminate\\Log\\LogManager->resolve('deprecations', Array)
#3 C:\\Users\\Simon Fox\\Herd\\rateshopper\\working copy\\laravel_rate_shopper\\vendor\\laravel\\framework\\src\\Illuminate\\Log\\LogManager.php(124): Illuminate\\Log\\LogManager->get('deprecations')
#4 C:\\Users\\Simon Fox\\Herd\\rateshopper\\working copy\\laravel_rate_shopper\\vendor\\laravel\\framework\\src\\Illuminate\\Log\\LogManager.php(113): Illuminate\\Log\\LogManager->driver('deprecations')
#5 C:\\Users\\Simon Fox\\Herd\\rateshopper\\working copy\\laravel_rate_shopper\\vendor\\laravel\\framework\\src\\Illuminate\\Foundation\\Bootstrap\\HandleExceptions.php(102): Illuminate\\Log\\LogManager->channel('deprecations')
#6 C:\\Users\\Simon Fox\\Herd\\rateshopper\\working copy\\laravel_rate_shopper\\vendor\\laravel\\framework\\src\\Illuminate\\Foundation\\Bootstrap\\HandleExceptions.php(71): Illuminate\\Foundation\\Bootstrap\\HandleExceptions->handleDeprecationError('Illuminate\\\\Supp...', 'C:\\\\Users\\\\Simon ...', 345, 8192)
#7 C:\\Users\\Simon Fox\\Herd\\rateshopper\\working copy\\laravel_rate_shopper\\vendor\\laravel\\framework\\src\\Illuminate\\Foundation\\Bootstrap\\HandleExceptions.php(255): Illuminate\\Foundation\\Bootstrap\\HandleExceptions->handleError(8192, 'Illuminate\\\\Supp...', 'C:\\\\Users\\\\Simon ...', 345)
#8 C:\\Users\\Simon Fox\\Herd\\rateshopper\\working copy\\laravel_rate_shopper\\vendor\\composer\\ClassLoader.php(576): Illuminate\\Foundation\\Bootstrap\\HandleExceptions->{closure:Illuminate\\Foundation\\Bootstrap\\HandleExceptions::forwardsTo():254}(8192, 'Illuminate\\\\Supp...', 'C:\\\\Users\\\\Simon ...', 345)
#9 C:\\Users\\Simon Fox\\Herd\\rateshopper\\working copy\\laravel_rate_shopper\\vendor\\composer\\ClassLoader.php(576): include('C:\\\\Users\\\\Simon ...')
#10 C:\\Users\\Simon Fox\\Herd\\rateshopper\\working copy\\laravel_rate_shopper\\vendor\\composer\\ClassLoader.php(427): {closure:Composer\\Autoload\\ClassLoader::initializeIncludeClosure():575}('C:\\\\Users\\\\Simon ...')
#11 C:\\Users\\Simon Fox\\Herd\\rateshopper\\working copy\\laravel_rate_shopper\\vendor\\laravel\\framework\\src\\Illuminate\\Collections\\Collection.php(22): Composer\\Autoload\\ClassLoader->loadClass('Illuminate\\\\Supp...')
#12 C:\\Users\\Simon Fox\\Herd\\rateshopper\\working copy\\laravel_rate_shopper\\vendor\\composer\\ClassLoader.php(576): include('C:\\\\Users\\\\Simon ...')
#13 C:\\Users\\Simon Fox\\Herd\\rateshopper\\working copy\\laravel_rate_shopper\\vendor\\composer\\ClassLoader.php(427): {closure:Composer\\Autoload\\ClassLoader::initializeIncludeClosure():575}('C:\\\\Users\\\\Simon ...')
#14 C:\\Users\\Simon Fox\\Herd\\rateshopper\\working copy\\laravel_rate_shopper\\vendor\\laravel\\framework\\src\\Illuminate\\Collections\\helpers.php(18): Composer\\Autoload\\ClassLoader->loadClass('Illuminate\\\\Supp...')
#15 C:\\Users\\Simon Fox\\Herd\\rateshopper\\working copy\\laravel_rate_shopper\\vendor\\laravel\\framework\\src\\Illuminate\\Foundation\\PackageManifest.php(90): collect(Array)
#16 C:\\Users\\Simon Fox\\Herd\\rateshopper\\working copy\\laravel_rate_shopper\\vendor\\laravel\\framework\\src\\Illuminate\\Foundation\\PackageManifest.php(79): Illuminate\\Foundation\\PackageManifest->config('aliases')
#17 C:\\Users\\Simon Fox\\Herd\\rateshopper\\working copy\\laravel_rate_shopper\\vendor\\laravel\\framework\\src\\Illuminate\\Foundation\\Bootstrap\\RegisterFacades.php(26): Illuminate\\Foundation\\PackageManifest->aliases()
#18 C:\\Users\\Simon Fox\\Herd\\rateshopper\\working copy\\laravel_rate_shopper\\vendor\\laravel\\framework\\src\\Illuminate\\Foundation\\Application.php(263): Illuminate\\Foundation\\Bootstrap\\RegisterFacades->bootstrap(Object(Illuminate\\Foundation\\Application))
#19 C:\\Users\\Simon Fox\\Herd\\rateshopper\\working copy\\laravel_rate_shopper\\vendor\\laravel\\framework\\src\\Illuminate\\Foundation\\Console\\Kernel.php(447): Illuminate\\Foundation\\Application->bootstrapWith(Array)
#20 C:\\Users\\Simon Fox\\Herd\\rateshopper\\working copy\\laravel_rate_shopper\\vendor\\laravel\\framework\\src\\Illuminate\\Foundation\\Console\\Kernel.php(199): Illuminate\\Foundation\\Console\\Kernel->bootstrap()
#21 C:\\Users\\Simon Fox\\Herd\\rateshopper\\working copy\\laravel_rate_shopper\\artisan(35): Illuminate\\Foundation\\Console\\Kernel->handle(Object(Symfony\\Component\\Console\\Input\\ArgvInput), Object(Symfony\\Component\\Console\\Output\\ConsoleOutput))
#22 {main}
"} 
[2026-08-13 16:09:57] laravel.WARNING: Illuminate\Support\Enumerable::unless(): Implicitly marking parameter $default as nullable is deprecated, the explicit nullable type must be used instead in C:\Users\Simon Fox\Herd\rateshopper\working copy\laravel_rate_shopper\vendor\laravel\framework\src\Illuminate\Collections\Enumerable.php on line 345  
[2026-08-13 16:09:57] laravel.EMERGENCY: Unable to create configured logger. Using emergency logger. {"exception":"[object] (Error(code: 0): Class \"Illuminate\\Support\\Collection\" not found at C:\\Users\\Simon Fox\\Herd\\rateshopper\\working copy\\laravel_rate_shopper\\vendor\\laravel\\framework\\src\\Illuminate\\Collections\\helpers.php:18)
[stacktrace]
#0 C:\\Users\\Simon Fox\\Herd\\rateshopper\\working copy\\laravel_rate_shopper\\vendor\\laravel\\framework\\src\\Illuminate\\Log\\LogManager.php(389): collect(Array)
#1 C:\\Users\\Simon Fox\\Herd\\rateshopper\\working copy\\laravel_rate_shopper\\vendor\\laravel\\framework\\src\\Illuminate\\Log\\LogManager.php(222): Illuminate\\Log\\LogManager->createMonologDriver(Array)
#2 C:\\Users\\Simon Fox\\Herd\\rateshopper\\working copy\\laravel_rate_shopper\\vendor\\laravel\\framework\\src\\Illuminate\\Log\\LogManager.php(137): Illuminate\\Log\\LogManager->resolve('deprecations', Array)
#3 C:\\Users\\Simon Fox\\Herd\\rateshopper\\working copy\\laravel_rate_shopper\\vendor\\laravel\\framework\\src\\Illuminate\\Log\\LogManager.php(124): Illuminate\\Log\\LogManager->get('deprecations')
#4 C:\\Users\\Simon Fox\\Herd\\rateshopper\\working copy\\laravel_rate_shopper\\vendor\\laravel\\framework\\src\\Illuminate\\Log\\LogManager.php(113): Illuminate\\Log\\LogManager->driver('deprecations')
#5 C:\\Users\\Simon Fox\\Herd\\rateshopper\\working copy\\laravel_rate_shopper\\vendor\\laravel\\framework\\src\\Illuminate\\Foundation\\Bootstrap\\HandleExceptions.php(102): Illuminate\\Log\\LogManager->channel('deprecations')
#6 C:\\Users\\Simon Fox\\Herd\\rateshopper\\working copy\\laravel_rate_shopper\\vendor\\laravel\\framework\\src\\Illuminate\\Foundation\\Bootstrap\\HandleExceptions.php(71): Illuminate\\Foundation\\Bootstrap\\HandleExceptions->handleDeprecationError('Illuminate\\\\Supp...', 'C:\\\\Users\\\\Simon ...', 356, 8192)
#7 C:\\Users\\Simon Fox\\Herd\\rateshopper\\working copy\\laravel_rate_shopper\\vendor\\laravel\\framework\\src\\Illuminate\\Foundation\\Bootstrap\\HandleExceptions.php(255): Illuminate\\Foundation\\Bootstrap\\HandleExceptions->handleError(8192, 'Illuminate\\\\Supp...', 'C:\\\\Users\\\\Simon ...', 356)
#8 C:\\Users\\Simon Fox\\Herd\\rateshopper\\working copy\\laravel_rate_shopper\\vendor\\composer\\ClassLoader.php(576): Illuminate\\Foundation\\Bootstrap\\HandleExceptions->{closure:Illuminate\\Foundation\\Bootstrap\\HandleExceptions::forwardsTo():254}(8192, 'Illuminate\\\\Supp...', 'C:\\\\Users\\\\Simon ...', 356)
#9 C:\\Users\\Simon Fox\\Herd\\rateshopper\\working copy\\laravel_rate_shopper\\vendor\\composer\\ClassLoader.php(576): include('C:\\\\Users\\\\Simon ...')
#10 C:\\Users\\Simon Fox\\Herd\\rateshopper\\working copy\\laravel_rate_shopper\\vendor\\composer\\ClassLoader.php(427): {closure:Composer\\Autoload\\ClassLoader::initializeIncludeClosure():575}('C:\\\\Users\\\\Simon ...')
#11 C:\\Users\\Simon Fox\\Herd\\rateshopper\\working copy\\laravel_rate_shopper\\vendor\\laravel\\framework\\src\\Illuminate\\Collections\\Collection.php(22): Composer\\Autoload\\ClassLoader->loadClass('Illuminate\\\\Supp...')
#12 C:\\Users\\Simon Fox\\Herd\\rateshopper\\working copy\\laravel_rate_shopper\\vendor\\composer\\ClassLoader.php(576): include('C:\\\\Users\\\\Simon ...')
#13 C:\\Users\\Simon Fox\\Herd\\rateshopper\\working copy\\laravel_rate_shopper\\vendor\\composer\\ClassLoader.php(427): {closure:Composer\\Autoload\\ClassLoader::initializeIncludeClosure():575}('C:\\\\Users\\\\Simon ...')
#14 C:\\Users\\Simon Fox\\Herd\\rateshopper\\working copy\\laravel_rate_shopper\\vendor\\laravel\\framework\\src\\Illuminate\\Collections\\helpers.php(18): Composer\\Autoload\\ClassLoader->loadClass('Illuminate\\\\Supp...')
#15 C:\\Users\\Simon Fox\\Herd\\rateshopper\\working copy\\laravel_rate_shopper\\vendor\\laravel\\framework\\src\\Illuminate\\Foundation\\PackageManifest.php(90): collect(Array)
#16 C:\\Users\\Simon Fox\\Herd\\rateshopper\\working copy\\laravel_rate_shopper\\vendor\\laravel\\framework\\src\\Illuminate\\Foundation\\PackageManifest.php(79): Illuminate\\Foundation\\PackageManifest->config('aliases')
#17 C:\\Users\\Simon Fox\\Herd\\rateshopper\\working copy\\laravel_rate_shopper\\vendor\\laravel\\framework\\src\\Illuminate\\Foundation\\Bootstrap\\RegisterFacades.php(26): Illuminate\\Foundation\\PackageManifest->aliases()
#18 C:\\Users\\Simon Fox\\Herd\\rateshopper\\working copy\\laravel_rate_shopper\\vendor\\laravel\\framework\\src\\Illuminate\\Foundation\\Application.php(263): Illuminate\\Foundation\\Bootstrap\\RegisterFacades->bootstrap(Object(Illuminate\\Foundation\\Application))
#19 C:\\Users\\Simon Fox\\Herd\\rateshopper\\working copy\\laravel_rate_shopper\\vendor\\laravel\\framework\\src\\Illuminate\\Foundation\\Console\\Kernel.php(447): Illuminate\\Foundation\\Application->bootstrapWith(Array)
#20 C:\\Users\\Simon Fox\\Herd\\rateshopper\\working copy\\laravel_rate_shopper\\vendor\\laravel\\framework\\src\\Illuminate\\Foundation\\Console\\Kernel.php(199): Illuminate\\Foundation\\Console\\Kernel->bootstrap()
#21 C:\\Users\\Simon Fox\\Herd\\rateshopper\\working copy\\laravel_rate_shopper\\artisan(35): Illuminate\\Foundation\\Console\\Kernel->handle(Object(Symfony\\Component\\Console\\Input\\ArgvInput), Object(Symfony\\Component\\Console\\Output\\ConsoleOutput))
#22 {main}
"} 
[2026-08-13 16:09:57] laravel.WARNING: Illuminate\Support\Enumerable::unlessEmpty(): Implicitly marking parameter $default as nullable is deprecated, the explicit nullable type must be used instead in C:\Users\Simon Fox\Herd\rateshopper\working copy\laravel_rate_shopper\vendor\laravel\framework\src\Illuminate\Collections\Enumerable.php on line 356  
[2026-08-13 16:09:57] laravel.EMERGENCY: Unable to create configured logger. Using emergency logger. {"exception":"[object] (Error(code: 0): Class \"Illuminate\\Support\\Collection\" not found at C:\\Users\\Simon Fox\\Herd\\rateshopper\\working copy\\laravel_rate_shopper\\vendor\\laravel\\framework\\src\\Illuminate\\Collections\\helpers.php:18)
[stacktrace]
#0 C:\\Users\\Simon Fox\\Herd\\rateshopper\\working copy\\laravel_rate_shopper\\vendor\\laravel\\framework\\src\\Illuminate\\Log\\LogManager.php(389): collect(Array)
#1 C:\\Users\\Simon Fox\\Herd\\rateshopper\\working copy\\laravel_rate_shopper\\vendor\\laravel\\framework\\src\\Illuminate\\Log\\LogManager.php(222): Illuminate\\Log\\LogManager->createMonologDriver(Array)
#2 C:\\Users\\Simon Fox\\Herd\\rateshopper\\working copy\\laravel_rate_shopper\\vendor\\laravel\\framework\\src\\Illuminate\\Log\\LogManager.php(137): Illuminate\\Log\\LogManager->resolve('deprecations', Array)
#3 C:\\Users\\Simon Fox\\Herd\\rateshopper\\working copy\\laravel_rate_shopper\\vendor\\laravel\\framework\\src\\Illuminate\\Log\\LogManager.php(124): Illuminate\\Log\\LogManager->get('deprecations')
#4 C:\\Users\\Simon Fox\\Herd\\rateshopper\\working copy\\laravel_rate_shopper\\vendor\\laravel\\framework\\src\\Illuminate\\Log\\LogManager.php(113): Illuminate\\Log\\LogManager->driver('deprecations')
#5 C:\\Users\\Simon Fox\\Herd\\rateshopper\\working copy\\laravel_rate_shopper\\vendor\\laravel\\framework\\src\\Illuminate\\Foundation\\Bootstrap\\HandleExceptions.php(102): Illuminate\\Log\\LogManager->channel('deprecations')
#6 C:\\Users\\Simon Fox\\Herd\\rateshopper\\working copy\\laravel_rate_shopper\\vendor\\laravel\\framework\\src\\Illuminate\\Foundation\\Bootstrap\\HandleExceptions.php(71): Illuminate\\Foundation\\Bootstrap\\HandleExceptions->handleDeprecationError('Illuminate\\\\Supp...', 'C:\\\\Users\\\\Simon ...', 367, 8192)
#7 C:\\Users\\Simon Fox\\Herd\\rateshopper\\working copy\\laravel_rate_shopper\\vendor\\laravel\\framework\\src\\Illuminate\\Foundation\\Bootstrap\\HandleExceptions.php(255): Illuminate\\Foundation\\Bootstrap\\HandleExceptions->handleError(8192, 'Illuminate\\\\Supp...', 'C:\\\\Users\\\\Simon ...', 367)
#8 C:\\Users\\Simon Fox\\Herd\\rateshopper\\working copy\\laravel_rate_shopper\\vendor\\composer\\ClassLoader.php(576): Illuminate\\Foundation\\Bootstrap\\HandleExceptions->{closure:Illuminate\\Foundation\\Bootstrap\\HandleExceptions::forwardsTo():254}(8192, 'Illuminate\\\\Supp...', 'C:\\\\Users\\\\Simon ...', 367)
#9 C:\\Users\\Simon Fox\\Herd\\rateshopper\\working copy\\laravel_rate_shopper\\vendor\\composer\\ClassLoader.php(576): include('C:\\\\Users\\\\Simon ...')
#10 C:\\Users\\Simon Fox\\Herd\\rateshopper\\working copy\\laravel_rate_shopper\\vendor\\composer\\ClassLoader.php(427): {closure:Composer\\Autoload\\ClassLoader::initializeIncludeClosure():575}('C:\\\\Users\\\\Simon ...')
#11 C:\\Users\\Simon Fox\\Herd\\rateshopper\\working copy\\laravel_rate_shopper\\vendor\\laravel\\framework\\src\\Illuminate\\Collections\\Collection.php(22): Composer\\Autoload\\ClassLoader->loadClass('Illuminate\\\\Supp...')
#12 C:\\Users\\Simon Fox\\Herd\\rateshopper\\working copy\\laravel_rate_shopper\\vendor\\composer\\ClassLoader.php(576): include('C:\\\\Users\\\\Simon ...')
#13 C:\\Users\\Simon Fox\\Herd\\rateshopper\\working copy\\laravel_rate_shopper\\vendor\\composer\\ClassLoader.php(427): {closure:Composer\\Autoload\\ClassLoader::initializeIncludeClosure():575}('C:\\\\Users\\\\Simon ...')
#14 C:\\Users\\Simon Fox\\Herd\\rateshopper\\working copy\\laravel_rate_shopper\\vendor\\laravel\\framework\\src\\Illuminate\\Collections\\helpers.php(18): Composer\\Autoload\\ClassLoader->loadClass('Illuminate\\\\Supp...')
#15 C:\\Users\\Simon Fox\\Herd\\rateshopper\\working copy\\laravel_rate_shopper\\vendor\\laravel\\framework\\src\\Illuminate\\Foundation\\PackageManifest.php(90): collect(Array)
#16 C:\\Users\\Simon Fox\\Herd\\rateshopper\\working copy\\laravel_rate_shopper\\vendor\\laravel\\framework\\src\\Illuminate\\Foundation\\PackageManifest.php(79): Illuminate\\Foundation\\PackageManifest->config('aliases')
#17 C:\\Users\\Simon Fox\\Herd\\rateshopper\\working copy\\laravel_rate_shopper\\vendor\\laravel\\framework\\src\\Illuminate\\Foundation\\Bootstrap\\RegisterFacades.php(26): Illuminate\\Foundation\\PackageManifest->aliases()
#18 C:\\Users\\Simon Fox\\Herd\\rateshopper\\working copy\\laravel_rate_shopper\\vendor\\laravel\\framework\\src\\Illuminate\\Foundation\\Application.php(263): Illuminate\\Foundation\\Bootstrap\\RegisterFacades->bootstrap(Object(Illuminate\\Foundation\\Application))
#19 C:\\Users\\Simon Fox\\Herd\\rateshopper\\working copy\\laravel_rate_shopper\\vendor\\laravel\\framework\\src\\Illuminate\\Foundation\\Console\\Kernel.php(447): Illuminate\\Foundation\\Application->bootstrapWith(Array)
#20 C:\\Users\\Simon Fox\\Herd\\rateshopper\\working copy\\laravel_rate_shopper\\vendor\\laravel\\framework\\src\\Illuminate\\Foundation\\Console\\Kernel.php(199): Illuminate\\Foundation\\Console\\Kernel->bootstrap()
#21 C:\\Users\\Simon Fox\\Herd\\rateshopper\\working copy\\laravel_rate_shopper\\artisan(35): Illuminate\\Foundation\\Console\\Kernel->handle(Object(Symfony\\Component\\Console\\Input\\ArgvInput), Object(Symfony\\Component\\Console\\Output\\ConsoleOutput))
#22 {main}
"} 
[2026-08-13 16:09:57] laravel.WARNING: Illuminate\Support\Enumerable::unlessNotEmpty(): Implicitly marking parameter $default as nullable is deprecated, the explicit nullable type must be used instead in C:\Users\Simon Fox\Herd\rateshopper\working copy\laravel_rate_shopper\vendor\laravel\framework\src\Illuminate\Collections\Enumerable.php on line 367  
[2026-08-13 16:09:57] laravel.EMERGENCY: Unable to create configured logger. Using emergency logger. {"exception":"[object] (Error(code: 0): Class \"Illuminate\\Support\\Collection\" not found at C:\\Users\\Simon Fox\\Herd\\rateshopper\\working copy\\laravel_rate_shopper\\vendor\\laravel\\framework\\src\\Illuminate\\Collections\\helpers.php:18)
[stacktrace]
#0 C:\\Users\\Simon Fox\\Herd\\rateshopper\\working copy\\laravel_rate_shopper\\vendor\\laravel\\framework\\src\\Illuminate\\Log\\LogManager.php(389): collect(Array)
#1 C:\\Users\\Simon Fox\\Herd\\rateshopper\\working copy\\laravel_rate_shopper\\vendor\\laravel\\framework\\src\\Illuminate\\Log\\LogManager.php(222): Illuminate\\Log\\LogManager->createMonologDriver(Array)
#2 C:\\Users\\Simon Fox\\Herd\\rateshopper\\working copy\\laravel_rate_shopper\\vendor\\laravel\\framework\\src\\Illuminate\\Log\\LogManager.php(137): Illuminate\\Log\\LogManager->resolve('deprecations', Array)
#3 C:\\Users\\Simon Fox\\Herd\\rateshopper\\working copy\\laravel_rate_shopper\\vendor\\laravel\\framework\\src\\Illuminate\\Log\\LogManager.php(124): Illuminate\\Log\\LogManager->get('deprecations')
#4 C:\\Users\\Simon Fox\\Herd\\rateshopper\\working copy\\laravel_rate_shopper\\vendor\\laravel\\framework\\src\\Illuminate\\Log\\LogManager.php(113): Illuminate\\Log\\LogManager->driver('deprecations')
#5 C:\\Users\\Simon Fox\\Herd\\rateshopper\\working copy\\laravel_rate_shopper\\vendor\\laravel\\framework\\src\\Illuminate\\Foundation\\Bootstrap\\HandleExceptions.php(102): Illuminate\\Log\\LogManager->channel('deprecations')
#6 C:\\Users\\Simon Fox\\Herd\\rateshopper\\working copy\\laravel_rate_shopper\\vendor\\laravel\\framework\\src\\Illuminate\\Foundation\\Bootstrap\\HandleExceptions.php(71): Illuminate\\Foundation\\Bootstrap\\HandleExceptions->handleDeprecationError('Illuminate\\\\Supp...', 'C:\\\\Users\\\\Simon ...', 479, 8192)
#7 C:\\Users\\Simon Fox\\Herd\\rateshopper\\working copy\\laravel_rate_shopper\\vendor\\laravel\\framework\\src\\Illuminate\\Foundation\\Bootstrap\\HandleExceptions.php(255): Illuminate\\Foundation\\Bootstrap\\HandleExceptions->handleError(8192, 'Illuminate\\\\Supp...', 'C:\\\\Users\\\\Simon ...', 479)
#8 C:\\Users\\Simon Fox\\Herd\\rateshopper\\working copy\\laravel_rate_shopper\\vendor\\composer\\ClassLoader.php(576): Illuminate\\Foundation\\Bootstrap\\HandleExceptions->{closure:Illuminate\\Foundation\\Bootstrap\\HandleExceptions::forwardsTo():254}(8192, 'Illuminate\\\\Supp...', 'C:\\\\Users\\\\Simon ...', 479)
#9 C:\\Users\\Simon Fox\\Herd\\rateshopper\\working copy\\laravel_rate_shopper\\vendor\\composer\\ClassLoader.php(576): include('C:\\\\Users\\\\Simon ...')
#10 C:\\Users\\Simon Fox\\Herd\\rateshopper\\working copy\\laravel_rate_shopper\\vendor\\composer\\ClassLoader.php(427): {closure:Composer\\Autoload\\ClassLoader::initializeIncludeClosure():575}('C:\\\\Users\\\\Simon ...')
#11 C:\\Users\\Simon Fox\\Herd\\rateshopper\\working copy\\laravel_rate_shopper\\vendor\\laravel\\framework\\src\\Illuminate\\Collections\\Collection.php(22): Composer\\Autoload\\ClassLoader->loadClass('Illuminate\\\\Supp...')
#12 C:\\Users\\Simon Fox\\Herd\\rateshopper\\working copy\\laravel_rate_shopper\\vendor\\composer\\ClassLoader.php(576): include('C:\\\\Users\\\\Simon ...')
#13 C:\\Users\\Simon Fox\\Herd\\rateshopper\\working copy\\laravel_rate_shopper\\vendor\\composer\\ClassLoader.php(427): {closure:Composer\\Autoload\\ClassLoader::initializeIncludeClosure():575}('C:\\\\Users\\\\Simon ...')
#14 C:\\Users\\Simon Fox\\Herd\\rateshopper\\working copy\\laravel_rate_shopper\\vendor\\laravel\\framework\\src\\Illuminate\\Collections\\helpers.php(18): Composer\\Autoload\\ClassLoader->loadClass('Illuminate\\\\Supp...')
#15 C:\\Users\\Simon Fox\\Herd\\rateshopper\\working copy\\laravel_rate_shopper\\vendor\\laravel\\framework\\src\\Illuminate\\Foundation\\PackageManifest.php(90): collect(Array)
#16 C:\\Users\\Simon Fox\\Herd\\rateshopper\\working copy\\laravel_rate_shopper\\vendor\\laravel\\framework\\src\\Illuminate\\Foundation\\PackageManifest.php(79): Illuminate\\Foundation\\PackageManifest->config('aliases')
#17 C:\\Users\\Simon Fox\\Herd\\rateshopper\\working copy\\laravel_rate_shopper\\vendor\\laravel\\framework\\src\\Illuminate\\Foundation\\Bootstrap\\RegisterFacades.php(26): Illuminate\\Foundation\\PackageManifest->aliases()
#18 C:\\Users\\Simon Fox\\Herd\\rateshopper\\working copy\\laravel_rate_shopper\\vendor\\laravel\\framework\\src\\Illuminate\\Foundation\\Application.php(263): Illuminate\\Foundation\\Bootstrap\\RegisterFacades->bootstrap(Object(Illuminate\\Foundation\\Application))
#19 C:\\Users\\Simon Fox\\Herd\\rateshopper\\working copy\\laravel_rate_shopper\\vendor\\laravel\\framework\\src\\Illuminate\\Foundation\\Console\\Kernel.php(447): Illuminate\\Foundation\\Application->bootstrapWith(Array)
#20 C:\\Users\\Simon Fox\\Herd\\rateshopper\\working copy\\laravel_rate_shopper\\vendor\\laravel\\framework\\src\\Illuminate\\Foundation\\Console\\Kernel.php(199): Illuminate\\Foundation\\Console\\Kernel->bootstrap()
#21 C:\\Users\\Simon Fox\\Herd\\rateshopper\\working copy\\laravel_rate_shopper\\artisan(35): Illuminate\\Foundation\\Console\\Kernel->handle(Object(Symfony\\Component\\Console\\Input\\ArgvInput), Object(Symfony\\Component\\Console\\Output\\ConsoleOutput))
#22 {main}
"} 
[2026-08-13 16:09:57] laravel.WARNING: Illuminate\Support\Enumerable::first(): Implicitly marking parameter $callback as nullable is deprecated, the explicit nullable type must be used instead in C:\Users\Simon Fox\Herd\rateshopper\working copy\laravel_rate_shopper\vendor\laravel\framework\src\Illuminate\Collections\Enumerable.php on line 479  
[2026-08-13 16:09:57] laravel.EMERGENCY: Unable to create configured logger. Using emergency logger. {"exception":"[object] (Error(code: 0): Class \"Illuminate\\Support\\Collection\" not found at C:\\Users\\Simon Fox\\Herd\\rateshopper\\working copy\\laravel_rate_shopper\\vendor\\laravel\\framework\\src\\Illuminate\\Collections\\helpers.php:18)
[stacktrace]
#0 C:\\Users\\Simon Fox\\Herd\\rateshopper\\working copy\\laravel_rate_shopper\\vendor\\laravel\\framework\\src\\Illuminate\\Log\\LogManager.php(389): collect(Array)
#1 C:\\Users\\Simon Fox\\Herd\\rateshopper\\working copy\\laravel_rate_shopper\\vendor\\laravel\\framework\\src\\Illuminate\\Log\\LogManager.php(222): Illuminate\\Log\\LogManager->createMonologDriver(Array)
#2 C:\\Users\\Simon Fox\\Herd\\rateshopper\\working copy\\laravel_rate_shopper\\vendor\\laravel\\framework\\src\\Illuminate\\Log\\LogManager.php(137): Illuminate\\Log\\LogManager->resolve('deprecations', Array)
#3 C:\\Users\\Simon Fox\\Herd\\rateshopper\\working copy\\laravel_rate_shopper\\vendor\\laravel\\framework\\src\\Illuminate\\Log\\LogManager.php(124): Illuminate\\Log\\LogManager->get('deprecations')
#4 C:\\Users\\Simon Fox\\Herd\\rateshopper\\working copy\\laravel_rate_shopper\\vendor\\laravel\\framework\\src\\Illuminate\\Log\\LogManager.php(113): Illuminate\\Log\\LogManager->driver('deprecations')
#5 C:\\Users\\Simon Fox\\Herd\\rateshopper\\working copy\\laravel_rate_shopper\\vendor\\laravel\\framework\\src\\Illuminate\\Foundation\\Bootstrap\\HandleExceptions.php(102): Illuminate\\Log\\LogManager->channel('deprecations')
#6 C:\\Users\\Simon Fox\\Herd\\rateshopper\\working copy\\laravel_rate_shopper\\vendor\\laravel\\framework\\src\\Illuminate\\Foundation\\Bootstrap\\HandleExceptions.php(71): Illuminate\\Foundation\\Bootstrap\\HandleExceptions->handleDeprecationError('Illuminate\\\\Supp...', 'C:\\\\Users\\\\Simon ...', 621, 8192)
#7 C:\\Users\\Simon Fox\\Herd\\rateshopper\\working copy\\laravel_rate_shopper\\vendor\\laravel\\framework\\src\\Illuminate\\Foundation\\Bootstrap\\HandleExceptions.php(255): Illuminate\\Foundation\\Bootstrap\\HandleExceptions->handleError(8192, 'Illuminate\\\\Supp...', 'C:\\\\Users\\\\Simon ...', 621)
#8 C:\\Users\\Simon Fox\\Herd\\rateshopper\\working copy\\laravel_rate_shopper\\vendor\\composer\\ClassLoader.php(576): Illuminate\\Foundation\\Bootstrap\\HandleExceptions->{closure:Illuminate\\Foundation\\Bootstrap\\HandleExceptions::forwardsTo():254}(8192, 'Illuminate\\\\Supp...', 'C:\\\\Users\\\\Simon ...', 621)
#9 C:\\Users\\Simon Fox\\Herd\\rateshopper\\working copy\\laravel_rate_shopper\\vendor\\composer\\ClassLoader.php(576): include('C:\\\\Users\\\\Simon ...')
#10 C:\\Users\\Simon Fox\\Herd\\rateshopper\\working copy\\laravel_rate_shopper\\vendor\\composer\\ClassLoader.php(427): {closure:Composer\\Autoload\\ClassLoader::initializeIncludeClosure():575}('C:\\\\Users\\\\Simon ...')
#11 C:\\Users\\Simon Fox\\Herd\\rateshopper\\working copy\\laravel_rate_shopper\\vendor\\laravel\\framework\\src\\Illuminate\\Collections\\Collection.php(22): Composer\\Autoload\\ClassLoader->loadClass('Illuminate\\\\Supp...')
#12 C:\\Users\\Simon Fox\\Herd\\rateshopper\\working copy\\laravel_rate_shopper\\vendor\\composer\\ClassLoader.php(576): include('C:\\\\Users\\\\Simon ...')
#13 C:\\Users\\Simon Fox\\Herd\\rateshopper\\working copy\\laravel_rate_shopper\\vendor\\composer\\ClassLoader.php(427): {closure:Composer\\Autoload\\ClassLoader::initializeIncludeClosure():575}('C:\\\\Users\\\\Simon ...')
#14 C:\\Users\\Simon Fox\\Herd\\rateshopper\\working copy\\laravel_rate_shopper\\vendor\\laravel\\framework\\src\\Illuminate\\Collections\\helpers.php(18): Composer\\Autoload\\ClassLoader->loadClass('Illuminate\\\\Supp...')
#15 C:\\Users\\Simon Fox\\Herd\\rateshopper\\working copy\\laravel_rate_shopper\\vendor\\laravel\\framework\\src\\Illuminate\\Foundation\\PackageManifest.php(90): collect(Array)
#16 C:\\Users\\Simon Fox\\Herd\\rateshopper\\working copy\\laravel_rate_shopper\\vendor\\laravel\\framework\\src\\Illuminate\\Foundation\\PackageManifest.php(79): Illuminate\\Foundation\\PackageManifest->config('aliases')
#17 C:\\Users\\Simon Fox\\Herd\\rateshopper\\working copy\\laravel_rate_shopper\\vendor\\laravel\\framework\\src\\Illuminate\\Foundation\\Bootstrap\\RegisterFacades.php(26): Illuminate\\Foundation\\PackageManifest->aliases()
#18 C:\\Users\\Simon Fox\\Herd\\rateshopper\\working copy\\laravel_rate_shopper\\vendor\\laravel\\framework\\src\\Illuminate\\Foundation\\Application.php(263): Illuminate\\Foundation\\Bootstrap\\RegisterFacades->bootstrap(Object(Illuminate\\Foundation\\Application))
#19 C:\\Users\\Simon Fox\\Herd\\rateshopper\\working copy\\laravel_rate_shopper\\vendor\\laravel\\framework\\src\\Illuminate\\Foundation\\Console\\Kernel.php(447): Illuminate\\Foundation\\Application->bootstrapWith(Array)
#20 C:\\Users\\Simon Fox\\Herd\\rateshopper\\working copy\\laravel_rate_shopper\\vendor\\laravel\\framework\\src\\Illuminate\\Foundation\\Console\\Kernel.php(199): Illuminate\\Foundation\\Console\\Kernel->bootstrap()
#21 C:\\Users\\Simon Fox\\Herd\\rateshopper\\working copy\\laravel_rate_shopper\\artisan(35): Illuminate\\Foundation\\Console\\Kernel->handle(Object(Symfony\\Component\\Console\\Input\\ArgvInput), Object(Symfony\\Component\\Console\\Output\\ConsoleOutput))
#22 {main}
"} 
[2026-08-13 16:09:57] laravel.WARNING: Illuminate\Support\Enumerable::last(): Implicitly marking parameter $callback as nullable is deprecated, the explicit nullable type must be used instead in C:\Users\Simon Fox\Herd\rateshopper\working copy\laravel_rate_shopper\vendor\laravel\framework\src\Illuminate\Collections\Enumerable.php on line 621  
